date, pm25, pm10
2025/11/1, 5, 6
2025/11/2, 18, 4
2025/11/3, 11, 3
2025/11/4, 7, 5
2025/11/5, 11, 7
2025/11/6, 20, 12
2025/11/7, 30, 15
2025/11/8, 41, 5
2025/11/9, 13, 4
2025/11/10, 10, 7
2025/11/11, 16, 4
2025/11/12, 12, 2
2025/11/13, 6, 
2025/10/1, 14, 8
2025/10/2, 22, 7
2025/10/3, 19, 8
2025/10/4, 16, 2
2025/10/5, 6, 5
2025/10/6, 14, 5
2025/10/7, 12, 3
2025/10/8, 7, 3
2025/10/9, 8, 3
2025/10/10, 7, 3
2025/10/11, 7, 2
2025/10/12, 5, 3
2025/10/13, 5, 4
2025/10/14, 6, 3
2025/10/15, 6, 5
2025/10/16, 8, 4
2025/10/17, 6, 3
2025/10/18, 6, 2
2025/10/19, 6, 3
2025/10/20, 8, 7
2025/10/21, 19, 15
2025/10/22, 46, 15
2025/10/23, 47, 11
2025/10/24, 35, 5
2025/10/25, 13, 5
2025/10/26, 13, 
2025/10/28, 11, 4
2025/10/29, 11, 4
2025/10/30, 11, 2
2025/10/31, 6, 2
2025/7/1, 10, 17
2025/7/2, 21, 8
2025/7/3, 18, 4
2025/7/4, 7, 5
2025/7/5, 14, 4
2025/7/6, 9, 5
2025/7/7, 11, 5
2025/7/8, 10, 8
2025/7/9, 15, 6
2025/7/10, 14, 7
2025/7/11, 17, 12
2025/7/12, 32, 26
2025/7/13, 56, 
2025/7/15, 35, 13
2025/7/16, 33, 7
2025/7/17, 16, 8
2025/7/18, 18, 8
2025/7/19, 20, 10
2025/7/20, 21, 10
2025/7/21, 24, 9
2025/7/22, 24, 14
2025/7/23, 34, 13
2025/7/24, 35, 13
2025/7/25, 31, 8
2025/7/26, 24, 7
2025/7/27, 18, 8
2025/7/28, 18, 6
2025/7/29, 17, 7
2025/7/30, 17, 7
2025/7/31, 17, 9
2025/8/1, 22, 9
2025/8/2, 14, 3
2025/8/3, 10, 5
2025/8/4, 15, 4
2025/8/5, 10, 4
2025/8/6, 10, 5
2025/8/7, 10, 7
2025/8/8, 15, 5
2025/8/9, 13, 4
2025/8/10, 10, 4
2025/8/11, 6, 4
2025/8/12, 8, 6
2025/8/13, 10, 7
2025/8/14, 15, 9
2025/8/15, 20, 3
2025/8/16, 6, 5
2025/8/17, 12, 5
2025/8/18, 9, 4
2025/8/19, 8, 7
2025/8/20, 14, 6
2025/8/21, 14, 4
2025/8/22, 10, 3
2025/8/23, 9, 3
2025/8/24, 6, 3
2025/8/25, 7, 4
2025/8/26, 9, 5
2025/8/27, 13, 5
2025/8/28, 13, 7
2025/8/29, 20, 6
2025/8/30, 17, 7
2025/8/31, 22, 9
2025/9/1, 28, 7
2025/9/2, 20, 6
2025/9/3, 16, 7
2025/9/4, 20, 9
2025/9/5, 23, 8
2025/9/6, 23, 7
2025/9/7, 19, 9
2025/9/8, 25, 13
2025/9/9, 31, 12
2025/9/10, 32, 12
2025/9/11, 32, 7
2025/9/12, 18, 4
2025/9/13, 10, 4
2025/9/14, 13, 4
2025/9/15, 12, 4
2025/9/16, 10, 4
2025/9/17, 9, 4
2025/9/18, 10, 5
2025/9/19, 11, 6
2025/9/20, 15, 7
2025/9/21, 20, 3
2025/9/22, 7, 5
2025/9/23, 11, 6
2025/9/24, 9, 4
2025/9/25, 9, 4
2025/9/26, 9, 5
2025/9/27, 13, 3
2025/9/28, 9, 3
2025/9/29, 7, 4
2025/9/30, 9, 5
2025/4/1, 49, 55
2025/4/2, 37, 34
2025/4/3, 20, 32
2025/4/4, 17, 15
2025/4/5, 11, 19
2025/4/6, 15, 19
2025/4/7, 12, 32
2025/4/8, 20, 28
2025/4/9, 16, 24
2025/4/10, 16, 17
2025/4/11, 11, 13
2025/4/12, 13, 14
2025/4/13, 23, 18
2025/4/14, 35, 25
2025/4/15, 24, 20
2025/4/16, 38, 14
2025/4/17, 36, 11
2025/4/18, 30, 4
2025/4/19, 11, 3
2025/4/20, 7, 4
2025/4/21, 11, 7
2025/4/22, 20, 6
2025/4/23, 17, 6
2025/4/24, 7, 11
2025/4/25, 10, 7
2025/4/26, 8, 11
2025/4/27, 12, 21
2025/4/28, 22, 25
2025/4/29, 14, 16
2025/4/30, 13, 9
2025/5/1, 16, 12
2025/5/2, 17, 6
2025/5/3, 5, 6
2025/5/4, 6, 14
2025/5/5, 10, 13
2025/5/6, 9, 8
2025/5/7, 11, 10
2025/5/8, 13, 4
2025/5/9, 10, 4
2025/5/10, 10, 8
2025/5/11, 13, 15
2025/5/12, 19, 14
2025/5/13, 20, 14
2025/5/14, 14, 8
2025/5/15, 10, 5
2025/5/16, 10, 4
2025/5/17, 9, 5
2025/5/18, 10, 13
2025/5/19, 13, 15
2025/5/20, 14, 5
2025/5/21, 11, 4
2025/5/22, 11, 5
2025/5/23, 10, 5
2025/5/24, 7, 8
2025/5/25, 17, 11
2025/5/26, 18, 13
2025/5/27, 16, 7
2025/5/28, 15, 9
2025/5/29, 13, 9
2025/5/30, 11, 5
2025/5/31, 6, 7
2025/6/1, 11, 9
2025/6/2, 17, 10
2025/6/3, 15, 19
2025/6/4, 32, 12
2025/6/5, 26, 7
2025/6/6, 17, 6
2025/6/7, 10, 5
2025/6/8, 10, 8
2025/6/9, 13, 12
2025/6/10, 24, 14
2025/6/11, 39, 8
2025/6/12, 12, 7
2025/6/13, 9, 6
2025/6/14, 9, 8
2025/6/15, 14, 11
2025/6/16, 26, 11
2025/6/17, 24, 11
2025/6/18, 21, 6
2025/6/19, 11, 4
2025/6/20, 8, 
2025/6/22, 8, 7
2025/6/23, 20, 4
2025/6/24, 11, 7
2025/6/25, 14, 8
2025/6/26, 13, 6
2025/6/27, 14, 4
2025/6/28, 11, 6
2025/6/29, 14, 6
2025/6/30, 6, 7
2025/1/1, 14, 2
2025/1/2, 5, 4
2025/1/3, 11, 2
2025/1/4, 7, 6
2025/1/5, 19, 8
2025/1/6, 25, 5
2025/1/7, 12, 5
2025/1/8, 13, 6
2025/1/9, 17, 5
2025/1/10, 15, 2
2025/1/11, 5, 2
2025/1/12, 5, 2
2025/1/13, 7, 4
2025/1/14, 10, 3
2025/1/15, 7, 2
2025/1/16, 6, 7
2025/1/17, 21, 6
2025/1/18, 19, 4
2025/1/19, 14, 6
2025/1/20, 16, 6
2025/1/21, 16, 10
2025/1/22, 32, 8
2025/1/23, 26, 6
2025/1/24, 18, 8
2025/1/25, 19, 7
2025/1/26, 18, 7
2025/1/27, 18, 8
2025/1/28, 24, 5
2025/1/29, 14, 2
2025/1/30, 6, 6
2025/1/31, 14, 10
2025/2/1, 13, 7
2025/2/2, 16, 6
2025/2/3, 16, 12
2025/2/4, 33, 9
2025/2/5, 29, 19
2025/2/6, 22, 7
2025/2/7, 21, 12
2025/2/8, 30, 13
2025/2/9, 34, 27
2025/2/10, 44, 12
2025/2/11, 34, 7
2025/2/12, 20, 6
2025/2/13, 14, 10
2025/2/14, 15, 4
2025/2/15, 10, 10
2025/2/16, 11, 12
2025/2/17, 11, 12
2025/2/18, 12, 26
2025/2/19, 30, 21
2025/2/20, 27, 25
2025/2/21, 63, 29
2025/2/22, 74, 25
2025/2/23, 62, 7
2025/2/24, 21, 12
2025/2/25, 37, 10
2025/2/26, 20, 6
2025/2/27, 17, 15
2025/2/28, 25, 8
2025/3/1, 21, 10
2025/3/2, 13, 18
2025/3/3, 21, 19
2025/3/4, 26, 9
2025/3/5, 22, 16
2025/3/6, 21, 26
2025/3/7, 36, 52
2025/3/8, 64, 33
2025/3/9, 55, 9
2025/3/10, 24, 5
2025/3/11, 6, 9
2025/3/12, 17, 7
2025/3/13, 17, 33
2025/3/14, 27, 19
2025/3/15, 15, 30
2025/3/16, 19, 62
2025/3/17, 36, 39
2025/3/18, 25, 36
2025/3/19, 26, 36
2025/3/20, 31, 19
2025/3/21, 21, 11
2025/3/22, 22, 22
2025/3/23, 26, 26
2025/3/24, 38, 21
2025/3/25, 52, 20
2025/3/26, 25, 12
2025/3/27, 21, 20
2025/3/28, 32, 24
2025/3/29, 39, 26
2025/3/30, 26, 26
2025/3/31, 22, 129
2024/10/1, 12, 3
2024/10/2, 8, 6
2024/10/3, 15, 4
2024/10/4, 11, 4
2024/10/5, 11, 4
2024/10/6, 9, 7
2024/10/7, 15, 10
2024/10/8, 25, 5
2024/10/9, 16, 6
2024/10/10, 18, 2
2024/10/11, 5, 4
2024/10/12, 9, 4
2024/10/13, 10, 6
2024/10/14, 14, 5
2024/10/15, 9, 6
2024/10/16, 12, 6
2024/10/17, 12, 12
2024/10/18, 31, 12
2024/10/19, 30, 16
2024/10/20, 43, 14
2024/10/21, 35, 8
2024/10/22, 19, 6
2024/10/23, 11, 6
2024/10/24, 14, 7
2024/10/25, 18, 12
2024/10/26, 31, 3
2024/10/27, 7, 6
2024/10/28, 13, 5
2024/10/29, 11, 5
2024/10/30, 6, 5
2024/10/31, 11, 4
2024/11/1, 7, 4
2024/11/2, 5, 3
2024/11/3, 5, 7
2024/11/4, 7, 4
2024/11/5, 10, 5
2024/11/6, 13, 8
2024/11/7, 13, 7
2024/11/8, 14, 7
2024/11/9, 18, 3
2024/11/10, 10, 6
2024/11/11, 17, 6
2024/11/12, 13, 6
2024/11/13, 14, 22
2024/11/14, 19, 10
2024/11/15, 17, 6
2024/11/16, 8, 7
2024/11/17, 8, 22
2024/11/18, 16, 11
2024/11/19, 25, 5
2024/11/20, 12, 7
2024/11/21, 17, 9
2024/11/22, 9, 10
2024/11/23, 10, 5
2024/11/24, 15, 8
2024/11/25, 20, 7
2024/11/26, 17, 3
2024/11/27, 7, 2
2024/11/28, 7, 3
2024/11/29, 7, 4
2024/11/30, 10, 6
2024/12/1, 19, 12
2024/12/2, 35, 2
2024/12/3, 6, 7
2024/12/4, 17, 8
2024/12/5, 23, 8
2024/12/6, 25, 9
2024/12/7, 28, 9
2024/12/8, 28, 5
2024/12/9, 14, 4
2024/12/10, 10, 4
2024/12/11, 11, 5
2024/12/12, 13, 5
2024/12/13, 13, 3
2024/12/14, 9, 3
2024/12/15, 7, 6
2024/12/16, 6, 20
2024/12/17, 13, 9
2024/12/18, 18, 6
2024/12/19, 14, 4
2024/12/20, 9, 6
2024/12/21, 16, 4
2024/12/22, 12, 8
2024/12/23, 26, 4
2024/12/24, 12, 1
2024/12/25, 5, 2
2024/12/26, 5, 3
2024/12/27, 8, 3
2024/12/28, 8, 2
2024/12/29, 5, 
2024/7/4, 11, 5
2024/7/5, 9, 5
2024/7/6, 13, 7
2024/7/7, 11, 4
2024/7/8, 9, 4
2024/7/9, 8, 6
2024/7/10, 9, 9
2024/7/11, 24, 7
2024/7/12, 15, 7
2024/7/13, 19, 3
2024/7/14, 8, 5
2024/7/15, 11, 6
2024/7/16, 14, 7
2024/7/17, 20, 4
2024/7/18, 8, 4
2024/7/19, 6, 5
2024/7/20, 13, 8
2024/7/21, 26, 10
2024/7/22, 29, 10
2024/7/23, 28, 8
2024/7/24, 15, 7
2024/7/25, 19, 5
2024/7/26, 12, 6
2024/7/27, 17, 5
2024/7/28, 11, 6
2024/7/29, 7, 6
2024/7/30, 10, 8
2024/7/31, 19, 6
2024/8/1, 10, 8
2024/8/2, 16, 6
2024/8/3, 16, 8
2024/8/4, 23, 10
2024/8/5, 26, 11
2024/8/6, 27, 9
2024/8/7, 22, 8
2024/8/8, 17, 6
2024/8/9, 14, 6
2024/8/10, 11, 4
2024/8/11, 8, 7
2024/8/12, 5, 5
2024/8/13, 7, 7
2024/8/14, 7, 10
2024/8/15, 14, 7
2024/8/16, 17, 5
2024/8/17, 9, 6
2024/8/18, 14, 10
2024/8/19, 14, 10
2024/8/20, 17, 13
2024/8/21, 30, 6
2024/8/22, 13, 8
2024/8/23, 20, 7
2024/8/24, 12, 8
2024/8/25, 21, 13
2024/8/26, 29, 14
2024/8/27, 32, 18
2024/8/28, 34, 24
2024/8/29, 45, 16
2024/8/30, 37, 8
2024/8/31, 19, 6
2024/9/1, 14, 5
2024/9/2, 13, 5
2024/9/3, 10, 15
2024/9/4, 35, 24
2024/9/5, 48, 18
2024/9/6, 41, 22
2024/9/7, 43, 27
2024/9/8, 54, 35
2024/9/9, 51, 10
2024/9/10, 20, 5
2024/9/11, 15, 4
2024/9/12, 8, 9
2024/9/13, 18, 4
2024/9/14, 7, 4
2024/9/15, 8, 6
2024/9/16, 12, 12
2024/9/17, 21, 18
2024/9/18, 28, 22
2024/9/19, 28, 15
2024/9/20, 21, 6
2024/9/21, 15, 4
2024/9/22, 8, 11
2024/9/23, 21, 27
2024/9/24, 58, 16
2024/9/25, 35, 7
2024/9/26, 15, 2
2024/9/27, 6, 2
2024/9/28, 5, 1
2024/9/29, 3, 5
2024/9/30, 9, 5
2024/4/1, 21, 5
2024/4/2, 12, 8
2024/4/3, 11, 20
2024/4/4, 15, 3
2024/4/5, 11, 4
2024/4/6, 12, 8
2024/4/7, 17, 33
2024/4/8, 28, 20
2024/4/9, 25, 26
2024/4/10, 22, 10
2024/4/11, 17, 18
2024/4/12, 24, 7
2024/4/13, 10, 3
2024/4/14, 8, 8
2024/4/15, 8, 6
2024/4/16, 10, 14
2024/4/17, 13, 7
2024/4/18, 16, 11
2024/4/19, 18, 21
2024/4/20, 19, 11
2024/4/21, 15, 16
2024/4/22, 17, 24
2024/4/23, 25, 22
2024/4/24, 30, 7
2024/4/25, 22, 4
2024/4/26, 12, 8
2024/4/27, 23, 10
2024/4/28, 25, 27
2024/4/29, 36, 42
2024/4/30, 31, 16
2024/5/1, 27, 8
2024/5/2, 8, 16
2024/5/3, 17, 17
2024/5/4, 20, 6
2024/5/5, 13, 35
2024/5/6, 23, 20
2024/5/7, 19, 4
2024/5/8, 10, 8
2024/5/9, 23, 8
2024/5/10, 12, 7
2024/5/11, 12, 10
2024/5/12, 16, 23
2024/5/13, 23, 23
2024/5/14, 22, 19
2024/5/15, 16, 30
2024/5/16, 27, 45
2024/5/17, 41, 24
2024/5/18, 34, 25
2024/5/19, 29, 12
2024/5/20, 8, 14
2024/5/21, 9, 19
2024/5/22, 14, 28
2024/5/23, 25, 15
2024/5/24, 33, 15
2024/5/25, 35, 18
2024/5/26, 41, 26
2024/5/27, 35, 28
2024/5/28, 38, 20
2024/5/29, 37, 11
2024/5/30, 19, 17
2024/5/31, 32, 18
2024/6/1, 38, 15
2024/6/2, 32, 20
2024/6/3, 33, 11
2024/6/4, 13, 17
2024/6/5, 22, 10
2024/6/6, 20, 7
2024/6/7, 16, 8
2024/6/8, 20, 6
2024/6/9, 12, 4
2024/6/10, 9, 5
2024/6/11, 9, 5
2024/6/12, 12, 8
2024/6/13, 17, 7
2024/6/14, 13, 5
2024/6/15, 13, 6
2024/6/16, 15, 9
2024/6/17, 18, 7
2024/6/18, 16, 6
2024/6/19, 12, 8
2024/6/20, 11, 6
2024/6/21, 13, 4
2024/6/22, 9, 5
2024/6/23, 8, 9
2024/6/24, 14, 8
2024/6/25, 12, 9
2024/6/26, 14, 14
2024/6/27, 20, 
2024/1/1, 14, 4
2024/1/2, 9, 5
2024/1/3, 10, 4
2024/1/4, 12, 5
2024/1/5, 16, 6
2024/1/6, 19, 12
2024/1/7, 37, 4
2024/1/8, 12, 3
2024/1/9, 8, 4
2024/1/10, 11, 5
2024/1/11, 8, 4
2024/1/12, 7, 3
2024/1/13, 10, 4
2024/1/14, 10, 2
2024/1/15, 4, 9
2024/1/16, 13, 4
2024/1/17, 11, 3
2024/1/18, 7, 22
2024/1/19, 34, 15
2024/1/20, 38, 6
2024/1/21, 19, 6
2024/1/22, 17, 6
2024/1/23, 15, 4
2024/1/24, 12, 2
2024/1/25, 7, 3
2024/1/26, 9, 5
2024/1/27, 14, 6
2024/1/28, 14, 12
2024/1/29, 26, 14
2024/1/30, 39, 5
2024/1/31, 14, 14
2024/2/1, 13, 23
2024/2/2, 20, 6
2024/2/3, 8, 10
2024/2/4, 10, 18
2024/2/5, 15, 7
2024/2/6, 17, 41
2024/2/7, 38, 30
2024/2/8, 35, 7
2024/2/9, 19, 5
2024/2/10, 17, 6
2024/2/11, 21, 10
2024/2/12, 31, 6
2024/2/13, 18, 14
2024/2/14, 39, 13
2024/2/15, 34, 6
2024/2/16, 17, 6
2024/2/17, 6, 19
2024/2/18, 14, 7
2024/2/19, 23, 7
2024/2/20, 20, 7
2024/2/21, 20, 7
2024/2/22, 22, 12
2024/2/23, 24, 6
2024/2/24, 16, 10
2024/2/25, 26, 14
2024/2/26, 43, 11
2024/2/27, 31, 14
2024/2/28, 27, 36
2024/2/29, 40, 13
2024/3/1, 43, 19
2024/3/2, 54, 17
2024/3/3, 48, 18
2024/3/4, 49, 13
2024/3/5, 34, 24
2024/3/6, 32, 48
2024/3/7, 49, 16
2024/3/8, 24, 7
2024/3/9, 18, 6
2024/3/10, 13, 11
2024/3/11, 17, 18
2024/3/12, 25, 19
2024/3/13, 44, 15
2024/3/14, 41, 14
2024/3/15, 35, 9
2024/3/16, 26, 8
2024/3/17, 8, 25
2024/3/18, 18, 25
2024/3/19, 27, 8
2024/3/20, 24, 13
2024/3/21, 35, 6
2024/3/22, 16, 18
2024/3/23, 26, 5
2024/3/24, 12, 20
2024/3/25, 20, 8
2024/3/26, 20, 17
2024/3/27, 39, 22
2024/3/28, 43, 21
2024/3/29, 40, 21
2024/3/30, 29, 8
2024/3/31, 20, 8
2023/10/1, 8, 6
2023/10/2, 14, 9
2023/10/3, 23, 4
2023/10/4, 9, 4
2023/10/5, 9, 4
2023/10/6, 9, 3
2023/10/7, 4, 3
2023/10/8, 5, 2
2023/10/9, 4, 
2023/10/11, 18, 5
2023/10/12, 7, 5
2023/10/13, 11, 4
2023/10/14, 9, 2
2023/10/15, 5, 3
2023/10/16, 5, 3
2023/10/17, 7, 4
2023/10/18, 8, 4
2023/10/19, 9, 3
2023/10/20, 9, 4
2023/10/21, 9, 2
2023/10/22, 6, 3
2023/10/23, 9, 5
2023/10/24, 12, 6
2023/10/25, 15, 4
2023/10/26, 10, 5
2023/10/27, 14, 8
2023/10/28, 14, 6
2023/10/29, 14, 4
2023/10/30, 10, 4
2023/10/31, 10, 2
2023/11/1, 6, 3
2023/11/2, 8, 9
2023/11/3, 26, 5
2023/11/4, 16, 9
2023/11/5, 25, 10
2023/11/6, 25, 6
2023/11/7, 16, 5
2023/11/8, 13, 5
2023/11/9, 14, 9
2023/11/10, 23, 12
2023/11/11, 30, 4
2023/11/12, 10, 7
2023/11/13, 16, 3
2023/11/14, 8, 7
2023/11/15, 17, 7
2023/11/16, 16, 14
2023/11/17, 23, 9
2023/11/18, 22, 8
2023/11/19, 21, 7
2023/11/20, 20, 4
2023/11/21, 11, 4
2023/11/22, 14, 2
2023/11/23, 6, 5
2023/11/24, 13, 3
2023/11/25, 7, 2
2023/11/26, 7, 4
2023/11/27, 11, 5
2023/11/28, 14, 7
2023/11/29, 21, 5
2023/11/30, 15, 5
2023/12/1, 15, 5
2023/12/2, 16, 5
2023/12/3, 15, 5
2023/12/4, 16, 8
2023/12/5, 23, 16
2023/12/6, 43, 11
2023/12/7, 35, 9
2023/12/8, 31, 8
2023/12/9, 28, 15
2023/12/10, 45, 9
2023/12/11, 29, 6
2023/12/12, 21, 5
2023/12/13, 17, 5
2023/12/14, 14, 6
2023/12/15, 19, 5
2023/12/16, 14, 5
2023/12/17, 13, 4
2023/12/18, 11, 6
2023/12/19, 9, 8
2023/12/20, 21, 4
2023/12/21, 11, 2
2023/12/22, 6, 2
2023/12/23, 7, 5
2023/12/24, 17, 5
2023/12/25, 14, 3
2023/12/26, 11, 2
2023/12/27, 7, 4
2023/12/28, 12, 6
2023/12/29, 17, 5
2023/12/30, 15, 4
2023/12/31, 11, 5
2023/7/1, 21, 7
2023/7/2, 18, 6
2023/7/3, 13, 8
2023/7/4, 14, 10
2023/7/5, 18, 7
2023/7/6, 14, 6
2023/7/7, 15, 9
2023/7/8, 19, 6
2023/7/9, 14, 7
2023/7/10, 11, 9
2023/7/11, 17, 13
2023/7/12, 21, 8
2023/7/13, 16, 7
2023/7/14, 14, 5
2023/7/15, 11, 7
2023/7/16, 18, 7
2023/7/17, 16, 5
2023/7/18, 10, 5
2023/7/19, 10, 5
2023/7/20, 11, 5
2023/7/21, 11, 4
2023/7/22, 9, 5
2023/7/23, 10, 5
2023/7/24, 11, 8
2023/7/25, 21, 6
2023/7/26, 12, 5
2023/7/27, 10, 4
2023/7/28, 10, 5
2023/7/29, 10, 8
2023/7/30, 21, 9
2023/7/31, 23, 5
2023/8/1, 11, 4
2023/8/2, 9, 7
2023/8/3, 19, 8
2023/8/4, 18, 10
2023/8/5, 23, 10
2023/8/6, 25, 18
2023/8/7, 45, 3
2023/8/8, 7, 6
2023/8/9, 11, 3
2023/8/10, 9, 5
2023/8/11, 10, 6
2023/8/12, 13, 6
2023/8/13, 14, 17
2023/8/14, 32, 12
2023/8/15, 26, 12
2023/8/16, 27, 6
2023/8/17, 12, 5
2023/8/18, 12, 7
2023/8/19, 17, 7
2023/8/20, 21, 9
2023/8/21, 22, 8
2023/8/22, 18, 8
2023/8/23, 17, 7
2023/8/24, 16, 8
2023/8/25, 21, 9
2023/8/26, 24, 6
2023/8/27, 15, 5
2023/8/28, 13, 7
2023/8/29, 14, 7
2023/8/30, 17, 6
2023/8/31, 13, 8
2023/9/1, 18, 3
2023/9/2, 8, 4
2023/9/3, 9, 7
2023/9/4, 16, 7
2023/9/5, 16, 10
2023/9/6, 13, 5
2023/9/7, 11, 13
2023/9/8, 31, 14
2023/9/9, 37, 20
2023/9/10, 52, 18
2023/9/11, 47, 15
2023/9/12, 39, 5
2023/9/13, 14, 5
2023/9/14, 8, 6
2023/9/15, 13, 5
2023/9/16, 12, 4
2023/9/17, 9, 5
2023/9/18, 9, 11
2023/9/19, 27, 3
2023/9/20, 7, 9
2023/9/21, 20, 14
2023/9/22, 37, 5
2023/9/23, 13, 3
2023/9/24, 7, 6
2023/9/25, 14, 9
2023/9/26, 22, 15
2023/9/27, 40, 19
2023/9/28, 47, 14
2023/9/29, 38, 6
2023/9/30, 14, 3
2023/4/5, 19, 10
2023/4/6, 17, 4
2023/4/7, 12, 18
2023/4/8, 19, 42
2023/4/9, 41, 21
2023/4/10, 33, 36
2023/4/11, 42, 33
2023/4/12, 53, 15
2023/4/13, 37, 10
2023/4/14, 26, 16
2023/4/15, 26, 27
2023/4/16, 33, 38
2023/4/17, 37, 21
2023/4/18, 18, 21
2023/4/19, 16, 56
2023/4/20, 38, 72
2023/4/21, 42, 31
2023/4/22, 30, 28
2023/4/23, 35, 6
2023/4/24, 16, 9
2023/4/25, 24, 10
2023/4/26, 16, 8
2023/4/27, 9, 9
2023/4/28, 13, 12
2023/4/29, 18, 6
2023/4/30, 8, 10
2023/5/1, 21, 11
2023/5/2, 11, 17
2023/5/3, 13, 24
2023/5/4, 19, 20
2023/5/5, 20, 14
2023/5/6, 20, 13
2023/5/7, 19, 32
2023/5/8, 28, 35
2023/5/9, 35, 32
2023/5/10, 36, 35
2023/5/11, 35, 36
2023/5/12, 35, 26
2023/5/13, 35, 28
2023/5/14, 42, 31
2023/5/15, 41, 17
2023/5/16, 38, 9
2023/5/17, 24, 9
2023/5/18, 9, 15
2023/5/19, 18, 11
2023/5/20, 15, 14
2023/5/21, 19, 25
2023/5/22, 26, 26
2023/5/23, 24, 25
2023/5/24, 30, 19
2023/5/25, 19, 21
2023/5/26, 15, 13
2023/5/27, 13, 13
2023/5/28, 18, 15
2023/5/29, 13, 17
2023/5/30, 16, 17
2023/5/31, 12, 15
2023/6/1, 11, 11
2023/6/2, 8, 7
2023/6/3, 10, 5
2023/6/4, 7, 10
2023/6/5, 11, 11
2023/6/6, 17, 11
2023/6/7, 9, 11
2023/6/8, 13, 9
2023/6/9, 12, 11
2023/6/10, 15, 13
2023/6/11, 16, 17
2023/6/12, 18, 50
2023/6/13, 38, 81
2023/6/14, 51, 26
2023/6/15, 33, 29
2023/6/16, 44, 17
2023/6/17, 30, 18
2023/6/18, 44, 19
2023/6/19, 51, 19
2023/6/20, 40, 18
2023/6/21, 40, 14
2023/6/22, 29, 9
2023/6/23, 21, 7
2023/6/24, 15, 7
2023/6/25, 14, 9
2023/6/26, 17, 10
2023/6/27, 20, 16
2023/6/28, 34, 13
2023/6/29, 27, 11
2023/6/30, 22, 9
2023/1/2, 25, 2
2023/1/3, 6, 3
2023/1/4, 10, 4
2023/1/5, 13, 4
2023/1/6, 13, 9
2023/1/7, 28, 9
2023/1/8, 29, 11
2023/1/9, 34, 5
2023/1/10, 15, 4
2023/1/11, 11, 6
2023/1/12, 16, 6
2023/1/13, 16, 4
2023/1/14, 11, 4
2023/1/15, 10, 5
2023/1/16, 11, 6
2023/1/17, 18, 6
2023/1/18, 16, 9
2023/1/19, 25, 13
2023/1/20, 38, 9
2023/1/21, 29, 9
2023/1/22, 30, 8
2023/1/23, 27, 6
2023/1/24, 19, 2
2023/1/25, 6, 7
2023/1/26, 14, 7
2023/1/27, 13, 3
2023/1/28, 9, 4
2023/1/29, 10, 17
2023/1/30, 13, 32
2023/1/31, 27, 9
2023/2/1, 22, 7
2023/2/2, 13, 9
2023/2/3, 21, 13
2023/2/4, 21, 11
2023/2/5, 13, 9
2023/2/6, 16, 8
2023/2/7, 23, 9
2023/2/8, 28, 24
2023/2/9, 40, 42
2023/2/10, 26, 3
2023/2/11, 9, 4
2023/2/12, 13, 9
2023/2/13, 12, 21
2023/2/14, 26, 11
2023/2/15, 30, 16
2023/2/16, 44, 12
2023/2/17, 38, 6
2023/2/18, 6, 31
2023/2/19, 16, 12
2023/2/20, 12, 5
2023/2/21, 16, 20
2023/2/22, 33, 8
2023/2/23, 21, 4
2023/2/24, 11, 3
2023/2/25, 9, 4
2023/2/26, 10, 15
2023/2/27, 17, 27
2023/2/28, 22, 31
2023/3/1, 24, 30
2023/3/2, 21, 28
2023/3/3, 21, 27
2023/3/4, 16, 28
2023/3/5, 20, 20
2023/3/6, 24, 13
2023/3/7, 23, 4
2023/3/8, 11, 10
2023/3/9, 18, 8
2023/3/10, 20, 16
2023/3/11, 26, 17
2023/3/12, 18, 9
2023/3/13, 13, 5
2023/3/14, 11, 17
2023/3/15, 13, 55
2023/3/16, 43, 23
2023/3/17, 27, 23
2023/3/18, 60, 13
2023/3/19, 34, 6
2023/3/20, 18, 19
2023/3/21, 24, 6
2023/3/22, 17, 29
2023/3/23, 32, 9
2023/3/24, 21, 2
2023/3/25, 6, 4
2023/3/26, 9, 5
2023/3/27, 12, 
2022/10/1, 24, 19
2022/10/2, 51, 22
2022/10/3, 51, 8
2022/10/4, 15, 8
2022/10/5, 20, 9
2022/10/6, 14, 10
2022/10/7, 23, 6
2022/10/8, 13, 3
2022/10/9, 7, 8
2022/10/10, 18, 6
2022/10/11, 14, 8
2022/10/12, 14, 11
2022/10/13, 25, 23
2022/10/14, 55, 23
2022/10/15, 59, 11
2022/10/16, 31, 21
2022/10/17, 47, 4
2022/10/18, 10, 5
2022/10/19, 7, 6
2022/10/20, 12, 10
2022/10/21, 21, 13
2022/10/22, 35, 10
2022/10/23, 27, 3
2022/10/24, 9, 8
2022/10/25, 21, 3
2022/10/26, 8, 10
2022/10/27, 23, 10
2022/10/28, 24, 27
2022/10/29, 61, 47
2022/10/30, 104, 
2022/11/1, 23, 11
2022/11/2, 29, 10
2022/11/3, 24, 7
2022/11/4, 18, 6
2022/11/5, 18, 4
2022/11/6, 11, 8
2022/11/7, 21, 5
2022/11/8, 13, 11
2022/11/9, 27, 9
2022/11/10, 21, 4
2022/11/11, 11, 6
2022/11/12, 16, 11
2022/11/13, 27, 7
2022/11/14, 17, 3
2022/11/15, 7, 3
2022/11/16, 8, 3
2022/11/17, 7, 3
2022/11/18, 7, 3
2022/11/19, 9, 2
2022/11/20, 7, 7
2022/11/21, 23, 10
2022/11/22, 29, 7
2022/11/23, 19, 5
2022/11/24, 14, 6
2022/11/25, 19, 9
2022/11/26, 27, 8
2022/11/27, 26, 9
2022/11/28, 28, 7
2022/11/29, 22, 9
2022/11/30, 28, 10
2022/12/1, 30, 10
2022/12/2, 33, 11
2022/12/3, 32, 7
2022/12/4, 20, 11
2022/12/5, 28, 8
2022/12/6, 21, 9
2022/12/7, 22, 9
2022/12/8, 23, 9
2022/12/9, 28, 6
2022/12/10, 17, 7
2022/12/11, 21, 6
2022/12/12, 18, 5
2022/12/13, 13, 6
2022/12/14, 18, 11
2022/12/15, 31, 16
2022/12/16, 44, 7
2022/12/17, 22, 9
2022/12/18, 27, 16
2022/12/19, 41, 12
2022/12/20, 35, 6
2022/12/21, 17, 6
2022/12/22, 16, 4
2022/12/23, 11, 5
2022/12/24, 14, 7
2022/12/25, 24, 8
2022/12/26, 26, 4
2022/12/27, 9, 6
2022/12/28, 16, 4
2022/12/29, 12, 4
2022/12/30, 10, 6
2022/12/31, 16, 6
2023/1/1, 19, 9
2022/7/1, 35, 11
2022/7/2, 25, 7
2022/7/3, 12, 8
2022/7/4, 15, 5
2022/7/5, 8, 5
2022/7/6, 9, 5
2022/7/7, 10, 7
2022/7/8, 13, 4
2022/7/9, 6, 3
2022/7/10, 5, 4
2022/7/11, 7, 7
2022/7/12, 9, 8
2022/7/13, 14, 4
2022/7/14, 6, 4
2022/7/15, 5, 2
2022/7/16, 3, 2
2022/7/17, 3, 6
2022/7/18, 13, 8
2022/7/19, 18, 9
2022/7/20, 18, 17
2022/7/21, 29, 16
2022/7/22, 38, 5
2022/7/23, 13, 4
2022/7/24, 10, 14
2022/7/25, 26, 8
2022/7/26, 20, 5
2022/7/27, 8, 4
2022/7/28, 6, 4
2022/7/29, 6, 4
2022/7/30, 8, 4
2022/7/31, 7, 7
2022/8/1, 10, 5
2022/8/2, 9, 28
2022/8/3, 63, 53
2022/8/4, 119, 62
2022/8/5, 143, 61
2022/8/6, 144, 60
2022/8/7, 144, 42
2022/8/8, 98, 8
2022/8/9, 15, 9
2022/8/10, 14, 8
2022/8/11, 15, 8
2022/8/12, 16, 6
2022/8/13, 13, 8
2022/8/14, 14, 15
2022/8/15, 30, 
2022/8/17, 46, 18
2022/8/18, 44, 23
2022/8/19, 47, 20
2022/8/20, 47, 6
2022/8/21, 13, 8
2022/8/22, 13, 11
2022/8/23, 19, 6
2022/8/24, 11, 7
2022/8/25, 12, 8
2022/8/26, 19, 25
2022/8/27, 53, 4
2022/8/28, 10, 3
2022/8/29, 6, 4
2022/8/30, 7, 5
2022/8/31, 8, 4
2022/9/1, 8, 3
2022/9/2, 6, 3
2022/9/3, 8, 5
2022/9/4, 12, 6
2022/9/5, 12, 6
2022/9/6, 11, 4
2022/9/7, 7, 4
2022/9/8, 8, 6
2022/9/9, 10, 11
2022/9/10, 18, 11
2022/9/11, 21, 13
2022/9/12, 27, 6
2022/9/13, 15, 3
2022/9/14, 7, 3
2022/9/15, 6, 4
2022/9/16, 10, 3
2022/9/17, 7, 3
2022/9/18, 8, 2
2022/9/19, 6, 4
2022/9/20, 8, 6
2022/9/21, 12, 8
2022/9/22, 16, 8
2022/9/23, 17, 12
2022/9/24, 28, 10
2022/9/25, 25, 7
2022/9/26, 20, 12
2022/9/27, 32, 8
2022/9/28, 22, 5
2022/9/29, 14, 9
2022/9/30, 20, 8
2022/4/1, 16, 14
2022/4/2, 19, 12
2022/4/3, 11, 5
2022/4/4, 11, 8
2022/4/5, 8, 21
2022/4/6, 15, 3
2022/4/7, 7, 3
2022/4/8, 7, 3
2022/4/9, 8, 7
2022/4/10, 7, 32
2022/4/11, 21, 48
2022/4/12, 32, 43
2022/4/13, 37, 8
2022/4/14, 24, 11
2022/4/15, 12, 13
2022/4/16, 13, 15
2022/4/17, 16, 16
2022/4/18, 18, 21
2022/4/19, 18, 17
2022/4/20, 21, 13
2022/4/21, 14, 12
2022/4/22, 14, 6
2022/4/23, 8, 5
2022/4/24, 12, 22
2022/4/25, 20, 13
2022/4/26, 11, 19
2022/4/27, 15, 13
2022/4/28, 11, 14
2022/4/29, 12, 9
2022/4/30, 14, 9
2022/5/1, 15, 25
2022/5/2, 18, 17
2022/5/3, 11, 13
2022/5/4, 12, 19
2022/5/5, 23, 15
2022/5/6, 21, 7
2022/5/7, 15, 5
2022/5/8, 8, 11
2022/5/9, 13, 18
2022/5/10, 23, 10
2022/5/11, 19, 10
2022/5/12, 13, 10
2022/5/13, 14, 5
2022/5/14, 10, 4
2022/5/15, 7, 17
2022/5/16, 11, 9
2022/5/17, 10, 13
2022/5/18, 12, 15
2022/5/19, 18, 9
2022/5/20, 21, 7
2022/5/21, 16, 
2022/5/23, 22, 16
2022/5/24, 23, 13
2022/5/25, 26, 5
2022/5/26, 10, 4
2022/5/27, 8, 6
2022/5/28, 15, 5
2022/5/29, 9, 5
2022/5/30, 10, 11
2022/5/31, 30, 10
2022/6/1, 19, 7
2022/6/2, 18, 10
2022/6/3, 23, 8
2022/6/4, 16, 7
2022/6/5, 13, 6
2022/6/6, 8, 8
2022/6/7, 15, 14
2022/6/8, 25, 10
2022/6/9, 18, 14
2022/6/10, 27, 10
2022/6/11, 20, 9
2022/6/12, 18, 9
2022/6/13, 15, 8
2022/6/14, 11, 7
2022/6/15, 11, 10
2022/6/16, 13, 6
2022/6/17, 9, 11
2022/6/18, 26, 6
2022/6/19, 7, 6
2022/6/20, 13, 9
2022/6/21, 16, 10
2022/6/22, 20, 9
2022/6/23, 17, 6
2022/6/24, 15, 11
2022/6/25, 25, 14
2022/6/26, 29, 20
2022/6/27, 37, 19
2022/6/28, 38, 14
2022/6/29, 29, 19
2022/6/30, 50, 13
2022/1/3, 14, 3
2022/1/4, 10, 5
2022/1/5, 12, 2
2022/1/6, 6, 4
2022/1/7, 11, 8
2022/1/8, 23, 13
2022/1/9, 38, 9
2022/1/10, 30, 10
2022/1/11, 32, 11
2022/1/12, 34, 3
2022/1/13, 9, 8
2022/1/14, 7, 14
2022/1/15, 11, 4
2022/1/16, 12, 25
2022/1/17, 15, 26
2022/1/18, 19, 4
2022/1/19, 13, 2
2022/1/20, 5, 12
2022/1/21, 12, 23
2022/1/22, 21, 6
2022/1/23, 17, 5
2022/1/24, 13, 10
2022/1/25, 17, 6
2022/1/26, 16, 6
2022/1/27, 15, 11
2022/1/28, 12, 3
2022/1/29, 7, 2
2022/1/30, 5, 4
2022/1/31, 8, 11
2022/2/1, 22, 15
2022/2/2, 28, 7
2022/2/3, 21, 4
2022/2/4, 11, 4
2022/2/5, 10, 5
2022/2/6, 10, 15
2022/2/7, 14, 3
2022/2/8, 8, 5
2022/2/9, 11, 12
2022/2/10, 15, 28
2022/2/11, 24, 11
2022/2/12, 17, 10
2022/2/13, 21, 15
2022/2/14, 40, 10
2022/2/15, 28, 7
2022/2/16, 19, 3
2022/2/17, 8, 18
2022/2/18, 21, 4
2022/2/19, 10, 5
2022/2/20, 11, 1
2022/2/21, 3, 6
2022/2/22, 18, 7
2022/2/23, 21, 4
2022/2/24, 12, 5
2022/2/25, 12, 23
2022/2/26, 20, 16
2022/2/27, 16, 18
2022/2/28, 17, 36
2022/3/1, 38, 23
2022/3/2, 36, 18
2022/3/3, 16, 37
2022/3/4, 31, 22
2022/3/5, 21, 21
2022/3/6, 20, 43
2022/3/7, 35, 45
2022/3/8, 46, 17
2022/3/9, 28, 22
2022/3/10, 27, 34
2022/3/11, 43, 53
2022/3/12, 54, 56
2022/3/13, 61, 77
2022/3/14, 94, 50
2022/3/15, 82, 63
2022/3/16, 96, 43
2022/3/17, 66, 21
2022/3/18, 39, 19
2022/3/19, 20, 28
2022/3/20, 28, 47
2022/3/21, 68, 56
2022/3/22, 80, 46
2022/3/23, 60, 30
2022/3/24, 46, 22
2022/3/25, 41, 22
2022/3/26, 15, 12
2022/3/27, 13, 22
2022/3/28, 19, 18
2022/3/29, 17, 23
2022/3/30, 21, 22
2022/3/31, 28, 9
2021/10/1, 11, 10
2021/10/2, 28, 22
2021/10/3, 58, 22
2021/10/4, 58, 12
2021/10/5, 33, 14
2021/10/6, 37, 9
2021/10/7, 24, 11
2021/10/8, 29, 9
2021/10/9, 26, 13
2021/10/10, 35, 11
2021/10/11, 31, 4
2021/10/12, 8, 5
2021/10/13, 10, 4
2021/10/14, 11, 3
2021/10/15, 8, 2
2021/10/16, 5, 3
2021/10/17, 5, 5
2021/10/18, 8, 8
2021/10/19, 18, 5
2021/10/20, 13, 5
2021/10/21, 12, 2
2021/10/22, 4, 3
2021/10/23, 7, 5
2021/10/24, 11, 9
2021/10/25, 22, 13
2021/10/26, 34, 4
2021/10/27, 11, 5
2021/10/28, 13, 16
2021/10/29, 44, 27
2021/10/30, 65, 28
2021/10/31, 65, 22
2021/11/1, 57, 33
2021/11/2, 74, 26
2021/11/3, 68, 7
2021/11/4, 23, 5
2021/11/5, 12, 4
2021/11/6, 9, 3
2021/11/7, 10, 3
2021/11/8, 9, 5
2021/11/9, 14, 3
2021/11/10, 6, 5
2021/11/11, 12, 23
2021/11/12, 18, 15
2021/11/13, 32, 6
2021/11/14, 15, 13
2021/11/15, 22, 13
2021/11/16, 30, 9
2021/11/17, 21, 4
2021/11/18, 10, 4
2021/11/19, 9, 7
2021/11/20, 8, 4
2021/11/21, 8, 6
2021/11/22, 9, 8
2021/11/23, 12, 3
2021/11/24, 7, 4
2021/11/25, 10, 7
2021/11/26, 18, 3
2021/11/27, 9, 3
2021/11/28, 9, 7
2021/11/29, 18, 6
2021/11/30, 15, 10
2021/12/1, 23, 6
2021/12/2, 16, 7
2021/12/3, 20, 9
2021/12/4, 28, 3
2021/12/5, 10, 9
2021/12/6, 24, 16
2021/12/7, 42, 13
2021/12/8, 32, 4
2021/12/9, 13, 5
2021/12/10, 15, 7
2021/12/11, 23, 19
2021/12/12, 57, 9
2021/12/13, 26, 4
2021/12/14, 13, 4
2021/12/15, 10, 4
2021/12/16, 7, 5
2021/12/17, 9, 2
2021/12/18, 6, 10
2021/12/19, 8, 7
2021/12/20, 11, 5
2021/12/21, 13, 12
2021/12/22, 33, 3
2021/12/23, 11, 5
2021/12/24, 11, 2
2021/12/25, 5, 3
2021/12/26, 8, 6
2021/12/27, 17, 10
2021/12/28, 30, 26
2021/12/29, 63, 17
2021/12/30, 49, 4
2021/12/31, 12, 5
2022/1/1, 16, 4
2022/1/2, 13, 6
2021/7/1, 10, 6
2021/7/2, 14, 8
2021/7/3, 21, 10
2021/7/4, 26, 10
2021/7/5, 22, 9
2021/7/6, 22, 12
2021/7/7, 34, 10
2021/7/8, 22, 7
2021/7/9, 16, 7
2021/7/10, 20, 4
2021/7/11, 10, 8
2021/7/12, 15, 7
2021/7/13, 18, 7
2021/7/14, 19, 15
2021/7/15, 38, 7
2021/7/16, 16, 8
2021/7/17, 21, 7
2021/7/18, 20, 4
2021/7/19, 7, 5
2021/7/20, 9, 4
2021/7/21, 5, 5
2021/7/22, 9, 4
2021/7/23, 10, 4
2021/7/24, 9, 5
2021/7/25, 13, 7
2021/7/26, 14, 12
2021/7/27, 25, 19
2021/7/28, 51, 9
2021/7/29, 24, 3
2021/7/30, 7, 6
2021/7/31, 15, 6
2021/8/1, 15, 5
2021/8/2, 9, 4
2021/8/3, 6, 5
2021/8/4, 11, 7
2021/8/5, 15, 5
2021/8/6, 10, 4
2021/8/7, 12, 5
2021/8/8, 12, 8
2021/8/9, 20, 10
2021/8/10, 25, 10
2021/8/11, 22, 10
2021/8/12, 23, 11
2021/8/13, 25, 8
2021/8/14, 20, 4
2021/8/15, 9, 5
2021/8/16, 13, 6
2021/8/17, 18, 5
2021/8/18, 14, 3
2021/8/19, 6, 4
2021/8/20, 6, 3
2021/8/21, 6, 3
2021/8/22, 8, 5
2021/8/23, 9, 6
2021/8/24, 11, 5
2021/8/25, 10, 3
2021/8/26, 9, 5
2021/8/27, 16, 10
2021/8/28, 24, 10
2021/8/29, 26, 9
2021/8/30, 24, 9
2021/8/31, 20, 8
2021/9/1, 14, 7
2021/9/2, 13, 6
2021/9/3, 11, 3
2021/9/4, 6, 4
2021/9/5, 9, 6
2021/9/6, 11, 7
2021/9/7, 17, 8
2021/9/8, 19, 11
2021/9/9, 25, 12
2021/9/10, 32, 16
2021/9/11, 45, 13
2021/9/12, 37, 6
2021/9/13, 10, 7
2021/9/14, 13, 6
2021/9/15, 13, 6
2021/9/16, 15, 7
2021/9/17, 18, 4
2021/9/18, 11, 5
2021/9/19, 14, 10
2021/9/20, 20, 13
2021/9/21, 28, 11
2021/9/22, 22, 6
2021/9/23, 14, 2
2021/9/24, 5, 4
2021/9/25, 12, 4
2021/9/26, 8, 3
2021/9/27, 7, 7
2021/9/28, 17, 12
2021/9/29, 29, 18
2021/9/30, 42, 5
2021/4/1, 8, 8
2021/4/2, 8, 6
2021/4/3, 6, 9
2021/4/4, 11, 7
2021/4/5, 9, 13
2021/4/6, 8, 10
2021/4/7, 12, 24
2021/4/8, 18, 5
2021/4/9, 7, 4
2021/4/10, 5, 6
2021/4/11, 8, 8
2021/4/12, 17, 8
2021/4/13, 10, 14
2021/4/14, 11, 11
2021/4/15, 19, 10
2021/4/16, 12, 5
2021/4/17, 9, 8
2021/4/18, 12, 18
2021/4/19, 17, 16
2021/4/20, 17, 25
2021/4/21, 23, 4
2021/4/22, 11, 5
2021/4/23, 6, 4
2021/4/24, 5, 6
2021/4/25, 6, 11
2021/4/26, 10, 24
2021/4/27, 16, 23
2021/4/28, 22, 12
2021/4/29, 17, 14
2021/4/30, 14, 8
2021/5/1, 13, 5
2021/5/2, 10, 12
2021/5/3, 14, 12
2021/5/4, 16, 3
2021/5/5, 11, 1
2021/5/6, 4, 6
2021/5/7, 11, 8
2021/5/8, 17, 10
2021/5/9, 25, 18
2021/5/10, 44, 21
2021/5/11, 35, 19
2021/5/12, 32, 20
2021/5/13, 39, 25
2021/5/14, 56, 10
2021/5/15, 30, 7
2021/5/16, 19, 5
2021/5/17, 14, 17
2021/5/18, 27, 19
2021/5/19, 18, 11
2021/5/20, 18, 10
2021/5/21, 15, 6
2021/5/22, 14, 8
2021/5/23, 19, 4
2021/5/24, 11, 7
2021/5/25, 16, 4
2021/5/26, 10, 2
2021/5/27, 4, 8
2021/5/28, 16, 9
2021/5/29, 18, 11
2021/5/30, 20, 14
2021/5/31, 19, 12
2021/6/1, 15, 12
2021/6/2, 19, 13
2021/6/3, 23, 9
2021/6/4, 20, 14
2021/6/5, 29, 10
2021/6/6, 23, 18
2021/6/7, 33, 19
2021/6/8, 46, 16
2021/6/9, 43, 16
2021/6/10, 29, 13
2021/6/11, 24, 8
2021/6/12, 19, 5
2021/6/13, 8, 9
2021/6/14, 13, 7
2021/6/15, 9, 12
2021/6/16, 13, 18
2021/6/17, 23, 17
2021/6/18, 33, 14
2021/6/19, 28, 23
2021/6/20, 57, 19
2021/6/21, 41, 22
2021/6/22, 44, 10
2021/6/23, 20, 7
2021/6/24, 20, 11
2021/6/25, 34, 8
2021/6/26, 22, 8
2021/6/27, 19, 12
2021/6/28, 27, 14
2021/6/29, 27, 9
2021/6/30, 22, 5
2021/1/12, 13, 5
2021/1/13, 17, 6
2021/1/14, 21, 4
2021/1/15, 13, 5
2021/1/16, 13, 5
2021/1/17, 14, 6
2021/1/18, 19, 12
2021/1/19, 37, 17
2021/1/20, 50, 9
2021/1/21, 25, 5
2021/1/22, 14, 
2021/1/24, 19, 4
2021/1/25, 11, 2
2021/1/26, 5, 3
2021/1/27, 8, 6
2021/1/28, 19, 7
2021/1/29, 18, 
2021/2/1, 24, 8
2021/2/2, 24, 7
2021/2/3, 19, 5
2021/2/4, 15, 5
2021/2/5, 18, 4
2021/2/6, 14, 3
2021/2/7, 9, 3
2021/2/8, 10, 3
2021/2/9, 9, 9
2021/2/10, 22, 4
2021/2/11, 12, 3
2021/2/12, 9, 17
2021/2/13, 12, 12
2021/2/14, 10, 29
2021/2/15, 32, 14
2021/2/16, 22, 3
2021/2/17, 8, 11
2021/2/18, 19, 23
2021/2/19, 59, 17
2021/2/20, 39, 12
2021/2/21, 33, 15
2021/2/22, 41, 17
2021/2/23, 48, 14
2021/2/24, 41, 7
2021/2/25, 19, 17
2021/2/26, 18, 18
2021/2/27, 12, 21
2021/2/28, 23, 25
2021/3/1, 23, 49
2021/3/2, 35, 15
2021/3/3, 23, 45
2021/3/4, 32, 31
2021/3/5, 27, 14
2021/3/6, 12, 26
2021/3/7, 16, 47
2021/3/8, 31, 24
2021/3/9, 19, 7
2021/3/10, 20, 15
2021/3/11, 38, 13
2021/3/12, 39, 14
2021/3/13, 20, 26
2021/3/14, 34, 40
2021/3/15, 38, 30
2021/3/16, 37, 28
2021/3/17, 29, 14
2021/3/18, 20, 18
2021/3/19, 15, 11
2021/3/20, 13, 13
2021/3/21, 11, 34
2021/3/22, 16, 24
2021/3/23, 15, 19
2021/3/24, 25, 14
2021/3/25, 20, 16
2021/3/26, 32, 32
2021/3/27, 70, 15
2021/3/28, 47, 4
2021/3/29, 12, 5
2021/3/30, 9, 4
2021/3/31, 10, 7
2020/10/1, 38, 53
2020/10/2, 86, 48
2020/10/3, 84, 39
2020/10/4, 77, 13
2020/10/5, 26, 11
2020/10/6, 28, 7
2020/10/7, 18, 7
2020/10/8, 16, 5
2020/10/9, 12, 5
2020/10/10, 13, 3
2020/10/11, 8, 4
2020/10/12, 6, 5
2020/10/13, 8, 4
2020/10/14, 6, 4
2020/10/15, 6, 3
2020/10/16, 6, 2
2020/10/17, 6, 2
2020/10/18, 4, 6
2020/10/19, 6, 8
2020/10/20, 19, 19
2020/10/21, 48, 6
2020/10/22, 19, 4
2020/10/23, 10, 6
2020/10/24, 17, 6
2020/10/25, 18, 9
2020/10/26, 24, 12
2020/10/27, 33, 8
2020/10/28, 21, 13
2020/10/29, 30, 10
2020/10/30, 25, 7
2020/10/31, 22, 7
2020/11/1, 23, 8
2020/11/2, 23, 6
2020/11/3, 10, 7
2020/11/4, 18, 6
2020/11/5, 11, 7
2020/11/6, 10, 5
2020/11/7, 12, 11
2020/11/8, 20, 10
2020/11/9, 22, 11
2020/11/10, 25, 18
2020/11/11, 40, 33
2020/11/12, 65, 12
2020/11/13, 36, 11
2020/11/14, 32, 16
2020/11/15, 46, 26
2020/11/16, 61, 6
2020/11/17, 14, 4
2020/11/18, 8, 7
2020/11/19, 13, 13
2020/11/20, 10, 2
2020/11/21, 6, 5
2020/11/22, 12, 8
2020/11/23, 6, 5
2020/11/24, 12, 8
2020/11/25, 19, 10
2020/11/26, 27, 4
2020/11/27, 11, 5
2020/11/28, 14, 7
2020/11/29, 22, 8
2020/11/30, 25, 8
2020/12/1, 23, 12
2020/12/2, 34, 16
2020/12/3, 44, 8
2020/12/4, 24, 22
2020/12/5, 56, 21
2020/12/6, 58, 12
2020/12/7, 37, 15
2020/12/8, 38, 11
2020/12/9, 33, 16
2020/12/10, 45, 16
2020/12/11, 43, 13
2020/12/12, 40, 17
2020/12/13, 52, 
2020/7/1, 9, 7
2020/7/2, 12, 5
2020/7/3, 8, 3
2020/7/4, 7, 4
2020/7/5, 11, 7
2020/7/6, 9, 3
2020/7/7, 5, 4
2020/7/8, 7, 3
2020/7/9, 5, 5
2020/7/10, 11, 4
2020/7/11, 9, 2
2020/7/12, 6, 5
2020/7/13, 8, 8
2020/7/14, 14, 7
2020/7/15, 16, 9
2020/7/16, 17, 8
2020/7/17, 14, 6
2020/7/18, 14, 9
2020/7/19, 22, 11
2020/7/20, 25, 4
2020/7/21, 7, 6
2020/7/22, 5, 4
2020/7/23, 3, 2
2020/7/24, 3, 2
2020/7/25, 4, 4
2020/7/26, 10, 6
2020/7/27, 14, 6
2020/7/28, 18, 6
2020/7/29, 12, 4
2020/7/30, 8, 5
2020/7/31, 13, 8
2020/8/1, 22, 7
2020/8/2, 19, 6
2020/8/3, 11, 7
2020/8/4, 6, 7
2020/8/5, 9, 6
2020/8/6, 12, 12
2020/8/7, 20, 10
2020/8/8, 16, 10
2020/8/9, 21, 6
2020/8/10, 9, 6
2020/8/11, 11, 11
2020/8/12, 14, 12
2020/8/13, 23, 16
2020/8/14, 30, 15
2020/8/15, 30, 10
2020/8/16, 26, 10
2020/8/17, 19, 27
2020/8/18, 32, 24
2020/8/19, 33, 17
2020/8/20, 22, 17
2020/8/21, 28, 7
2020/8/22, 16, 4
2020/8/23, 11, 7
2020/8/24, 10, 6
2020/8/25, 5, 8
2020/8/26, 9, 8
2020/8/27, 7, 10
2020/8/28, 11, 3
2020/8/29, 9, 4
2020/8/30, 10, 5
2020/8/31, 8, 5
2020/9/1, 11, 6
2020/9/2, 13, 8
2020/9/3, 22, 7
2020/9/4, 16, 6
2020/9/5, 12, 3
2020/9/6, 7, 4
2020/9/7, 7, 4
2020/9/8, 7, 5
2020/9/9, 13, 3
2020/9/10, 4, 5
2020/9/11, 9, 6
2020/9/12, 15, 6
2020/9/13, 12, 4
2020/9/14, 11, 11
2020/9/15, 27, 10
2020/9/16, 21, 9
2020/9/17, 7, 7
2020/9/18, 9, 4
2020/9/19, 8, 6
2020/9/20, 15, 7
2020/9/21, 15, 9
2020/9/22, 17, 26
2020/9/23, 48, 34
2020/9/24, 68, 11
2020/9/25, 25, 23
2020/9/26, 51, 31
2020/9/27, 59, 30
2020/9/28, 56, 15
2020/9/29, 35, 13
2020/9/30, 33, 16
2020/4/1, 18, 24
2020/4/2, 18, 8
2020/4/3, 8, 8
2020/4/4, 9, 12
2020/4/5, 17, 35
2020/4/6, 48, 29
2020/4/7, 53, 27
2020/4/8, 27, 32
2020/4/9, 20, 8
2020/4/10, 8, 8
2020/4/11, 10, 9
2020/4/12, 18, 6
2020/4/13, 6, 13
2020/4/14, 10, 8
2020/4/15, 8, 12
2020/4/16, 10, 9
2020/4/17, 7, 6
2020/4/18, 8, 9
2020/4/19, 10, 20
2020/4/20, 15, 21
2020/4/21, 14, 23
2020/4/22, 14, 25
2020/4/23, 16, 8
2020/4/24, 7, 5
2020/4/25, 5, 5
2020/4/26, 8, 15
2020/4/27, 18, 3
2020/4/28, 7, 11
2020/4/29, 13, 11
2020/4/30, 24, 8
2020/5/1, 26, 6
2020/5/2, 15, 5
2020/5/3, 11, 4
2020/5/4, 10, 9
2020/5/5, 7, 20
2020/5/6, 16, 15
2020/5/7, 11, 16
2020/5/8, 22, 5
2020/5/9, 8, 8
2020/5/10, 19, 7
2020/5/11, 7, 6
2020/5/12, 7, 4
2020/5/13, 7, 9
2020/5/14, 12, 10
2020/5/15, 8, 3
2020/5/16, 5, 4
2020/5/17, 5, 7
2020/5/18, 6, 8
2020/5/19, 10, 8
2020/5/20, 9, 11
2020/5/21, 14, 14
2020/5/22, 18, 7
2020/5/23, 14, 8
2020/5/24, 20, 12
2020/5/25, 18, 15
2020/5/26, 17, 12
2020/5/27, 16, 9
2020/5/28, 10, 9
2020/5/29, 11, 5
2020/5/30, 7, 5
2020/5/31, 5, 31
2020/6/1, 16, 15
2020/6/2, 14, 13
2020/6/3, 15, 13
2020/6/4, 22, 11
2020/6/5, 24, 5
2020/6/6, 13, 5
2020/6/7, 8, 11
2020/6/8, 14, 10
2020/6/9, 15, 5
2020/6/10, 6, 6
2020/6/11, 5, 8
2020/6/12, 11, 8
2020/6/13, 12, 6
2020/6/14, 9, 13
2020/6/15, 16, 9
2020/6/16, 21, 10
2020/6/17, 26, 12
2020/6/18, 26, 10
2020/6/19, 25, 10
2020/6/20, 29, 
2020/6/22, 15, 11
2020/6/23, 17, 16
2020/6/24, 26, 18
2020/6/25, 30, 14
2020/6/26, 23, 14
2020/6/27, 31, 14
2020/6/28, 34, 11
2020/6/29, 26, 8
2020/6/30, 14, 4
2020/1/1, 11, 11
2020/1/2, 31, 9
2020/1/3, 15, 15
2020/1/4, 13, 11
2020/1/5, 16, 8
2020/1/6, 12, 7
2020/1/7, 18, 11
2020/1/8, 18, 30
2020/1/9, 34, 19
2020/1/10, 31, 11
2020/1/11, 22, 3
2020/1/12, 8, 7
2020/1/13, 17, 14
2020/1/14, 30, 7
2020/1/15, 13, 12
2020/1/16, 22, 16
2020/1/17, 38, 16
2020/1/18, 47, 6
2020/1/19, 9, 9
2020/1/20, 15, 21
2020/1/21, 22, 48
2020/1/22, 30, 20
2020/1/23, 24, 5
2020/1/24, 10, 17
2020/1/25, 21, 5
2020/1/26, 11, 22
2020/1/27, 40, 13
2020/1/28, 39, 8
2020/1/29, 24, 10
2020/1/30, 32, 6
2020/1/31, 17, 5
2020/2/1, 16, 5
2020/2/2, 7, 43
2020/2/3, 28, 41
2020/2/4, 32, 23
2020/2/5, 16, 34
2020/2/6, 23, 15
2020/2/7, 21, 3
2020/2/8, 11, 12
2020/2/9, 39, 7
2020/2/10, 15, 18
2020/2/11, 19, 12
2020/2/12, 16, 21
2020/2/13, 17, 71
2020/2/14, 50, 8
2020/2/15, 22, 7
2020/2/16, 21, 14
2020/2/17, 17, 18
2020/2/18, 21, 41
2020/2/19, 30, 27
2020/2/20, 30, 15
2020/2/21, 22, 3
2020/2/22, 6, 14
2020/2/23, 12, 67
2020/2/24, 35, 16
2020/2/25, 27, 8
2020/2/26, 9, 4
2020/2/27, 9, 22
2020/2/28, 21, 7
2020/2/29, 20, 7
2020/3/1, 18, 19
2020/3/2, 24, 8
2020/3/3, 27, 4
2020/3/4, 13, 3
2020/3/5, 7, 23
2020/3/6, 23, 18
2020/3/7, 37, 20
2020/3/8, 51, 35
2020/3/9, 45, 12
2020/3/10, 31, 6
2020/3/11, 15, 12
2020/3/12, 18, 28
2020/3/13, 15, 26
2020/3/14, 14, 18
2020/3/15, 18, 24
2020/3/16, 20, 19
2020/3/17, 19, 6
2020/3/18, 15, 15
2020/3/19, 13, 12
2020/3/20, 13, 10
2020/3/21, 12, 19
2020/3/22, 16, 33
2020/3/23, 19, 30
2020/3/24, 27, 37
2020/3/25, 39, 43
2020/3/26, 54, 50
2020/3/27, 64, 22
2020/3/28, 36, 15
2020/3/29, 11, 21
2020/3/30, 13, 40
2020/3/31, 23, 30
2019/10/1, 11, 4
2019/10/2, 9, 3
2019/10/3, 7, 6
2019/10/4, 12, 4
2019/10/5, 8, 5
2019/10/6, 8, 9
2019/10/7, 14, 8
2019/10/8, 17, 8
2019/10/9, 17, 10
2019/10/10, 25, 7
2019/10/11, 17, 8
2019/10/12, 17, 7
2019/10/13, 14, 7
2019/10/14, 16, 6
2019/10/15, 14, 7
2019/10/16, 18, 6
2019/10/17, 16, 11
2019/10/18, 27, 8
2019/10/19, 21, 9
2019/10/20, 24, 6
2019/10/21, 16, 11
2019/10/22, 24, 10
2019/10/23, 20, 15
2019/10/24, 35, 23
2019/10/25, 56, 7
2019/10/26, 15, 5
2019/10/27, 11, 9
2019/10/28, 16, 16
2019/10/29, 17, 23
2019/10/30, 23, 32
2019/10/31, 31, 36
2019/11/1, 36, 18
2019/11/2, 48, 15
2019/11/3, 41, 9
2019/11/4, 9, 7
2019/11/5, 9, 21
2019/11/6, 18, 15
2019/11/7, 19, 8
2019/11/8, 24, 9
2019/11/9, 25, 3
2019/11/10, 8, 5
2019/11/11, 15, 11
2019/11/12, 35, 14
2019/11/13, 40, 10
2019/11/14, 26, 17
2019/11/15, 45, 13
2019/11/16, 36, 13
2019/11/17, 34, 13
2019/11/18, 40, 16
2019/11/19, 47, 9
2019/11/20, 23, 
2019/11/22, 44, 
2019/11/24, 46, 36
2019/11/25, 67, 25
2019/11/26, 56, 17
2019/11/27, 44, 13
2019/11/28, 36, 2
2019/11/29, 6, 3
2019/11/30, 8, 2
2019/12/1, 6, 4
2019/12/2, 11, 5
2019/12/3, 12, 8
2019/12/4, 19, 7
2019/12/5, 22, 6
2019/12/6, 13, 3
2019/12/7, 7, 3
2019/12/8, 8, 6
2019/12/9, 13, 6
2019/12/10, 14, 5
2019/12/11, 14, 14
2019/12/12, 36, 16
2019/12/13, 50, 7
2019/12/14, 24, 7
2019/12/15, 16, 10
2019/12/16, 16, 21
2019/12/17, 27, 4
2019/12/18, 8, 12
2019/12/19, 21, 18
2019/12/20, 50, 34
2019/12/21, 76, 13
2019/12/22, 31, 77
2019/12/23, 39, 49
2019/12/24, 48, 43
2019/12/25, 37, 5
2019/12/26, 15, 6
2019/12/27, 13, 6
2019/12/28, 13, 10
2019/12/29, 30, 
2019/7/1, 18, 6
2019/7/2, 11, 7
2019/7/3, 10, 6
2019/7/4, 9, 4
2019/7/5, 8, 3
2019/7/6, 8, 5
2019/7/7, 13, 5
2019/7/8, 9, 6
2019/7/9, 16, 7
2019/7/10, 16, 12
2019/7/11, 20, 9
2019/7/12, 26, 8
2019/7/13, 23, 5
2019/7/14, 11, 8
2019/7/15, 18, 5
2019/7/16, 10, 8
2019/7/17, 18, 9
2019/7/18, 21, 10
2019/7/19, 24, 8
2019/7/20, 20, 7
2019/7/21, 19, 12
2019/7/22, 35, 5
2019/7/23, 13, 5
2019/7/24, 11, 7
2019/7/25, 13, 7
2019/7/26, 18, 10
2019/7/27, 30, 11
2019/7/28, 34, 9
2019/7/29, 23, 5
2019/7/30, 11, 4
2019/7/31, 9, 6
2019/8/1, 14, 8
2019/8/2, 19, 6
2019/8/3, 16, 5
2019/8/4, 14, 6
2019/8/5, 17, 11
2019/8/6, 27, 9
2019/8/7, 23, 9
2019/8/8, 24, 9
2019/8/9, 23, 9
2019/8/10, 26, 7
2019/8/11, 19, 8
2019/8/12, 20, 7
2019/8/13, 14, 7
2019/8/14, 13, 6
2019/8/15, 12, 9
2019/8/16, 21, 7
2019/8/17, 20, 7
2019/8/18, 21, 7
2019/8/19, 18, 9
2019/8/20, 18, 16
2019/8/21, 25, 12
2019/8/22, 19, 8
2019/8/23, 21, 9
2019/8/24, 26, 10
2019/8/25, 28, 12
2019/8/26, 29, 27
2019/8/27, 74, 19
2019/8/28, 45, 16
2019/8/29, 44, 12
2019/8/30, 33, 6
2019/8/31, 17, 11
2019/9/1, 32, 8
2019/9/2, 22, 5
2019/9/3, 10, 5
2019/9/4, 9, 6
2019/9/5, 14, 4
2019/9/6, 9, 3
2019/9/7, 8, 5
2019/9/8, 14, 5
2019/9/9, 13, 11
2019/9/10, 32, 11
2019/9/11, 31, 5
2019/9/12, 13, 4
2019/9/13, 8, 2
2019/9/14, 5, 2
2019/9/15, 5, 1
2019/9/16, 3, 1
2019/9/17, 3, 1
2019/9/18, 2, 1
2019/9/19, 2, 1
2019/9/20, 2, 1
2019/9/21, 2, 3
2019/9/22, 7, 5
2019/9/23, 10, 11
2019/9/24, 11, 15
2019/9/25, 19, 9
2019/9/26, 17, 9
2019/9/27, 20, 16
2019/9/28, 43, 14
2019/9/29, 39, 11
2019/9/30, 28, 5
2019/4/1, 19, 38
2019/4/2, 26, 40
2019/4/3, 41, 56
2019/4/4, 66, 45
2019/4/5, 63, 40
2019/4/6, 65, 38
2019/4/7, 66, 18
2019/4/8, 33, 16
2019/4/9, 20, 12
2019/4/10, 16, 17
2019/4/11, 22, 28
2019/4/12, 25, 12
2019/4/13, 15, 11
2019/4/14, 18, 24
2019/4/15, 35, 30
2019/4/16, 25, 43
2019/4/17, 37, 42
2019/4/18, 42, 30
2019/4/19, 39, 23
2019/4/20, 35, 24
2019/4/21, 37, 20
2019/4/22, 35, 36
2019/4/23, 54, 49
2019/4/24, 75, 57
2019/4/25, 93, 49
2019/4/26, 83, 40
2019/4/27, 71, 29
2019/4/28, 60, 35
2019/4/29, 40, 47
2019/4/30, 44, 23
2019/5/1, 40, 14
2019/5/2, 33, 11
2019/5/3, 18, 9
2019/5/4, 15, 9
2019/5/5, 14, 17
2019/5/6, 20, 12
2019/5/7, 14, 14
2019/5/8, 16, 23
2019/5/9, 22, 19
2019/5/10, 34, 24
2019/5/11, 47, 13
2019/5/12, 27, 10
2019/5/13, 15, 19
2019/5/14, 17, 30
2019/5/15, 25, 53
2019/5/16, 59, 42
2019/5/17, 36, 17
2019/5/18, 21, 16
2019/5/19, 35, 24
2019/5/20, 56, 25
2019/5/21, 53, 27
2019/5/22, 55, 24
2019/5/23, 50, 17
2019/5/24, 35, 8
2019/5/25, 18, 6
2019/5/26, 13, 7
2019/5/27, 13, 14
2019/5/28, 19, 13
2019/5/29, 16, 11
2019/5/30, 13, 8
2019/5/31, 11, 6
2019/6/1, 12, 6
2019/6/2, 16, 15
2019/6/3, 23, 20
2019/6/4, 34, 21
2019/6/5, 46, 19
2019/6/6, 47, 18
2019/6/7, 39, 
2019/6/11, 10, 11
2019/6/12, 10, 15
2019/6/13, 35, 14
2019/6/14, 36, 7
2019/6/15, 16, 8
2019/6/16, 18, 10
2019/6/17, 15, 32
2019/6/18, 26, 27
2019/6/19, 34, 19
2019/6/20, 34, 13
2019/6/21, 33, 4
2019/6/22, 9, 4
2019/6/23, 8, 10
2019/6/24, 14, 10
2019/6/25, 11, 12
2019/6/26, 31, 14
2019/6/27, 32, 12
2019/6/28, 13, 8
2019/6/29, 15, 7
2019/6/30, 16, 9
2019/1/1, 8, 14
2019/1/2, 11, 3
2019/1/3, 8, 6
2019/1/4, 12, 4
2019/1/5, 10, 5
2019/1/6, 16, 5
2019/1/7, 14, 5
2019/1/8, 13, 2
2019/1/9, 6, 3
2019/1/10, 9, 9
2019/1/11, 13, 19
2019/1/12, 18, 11
2019/1/13, 21, 14
2019/1/14, 18, 43
2019/1/15, 31, 32
2019/1/16, 30, 5
2019/1/17, 11, 9
2019/1/18, 11, 6
2019/1/19, 8, 17
2019/1/20, 15, 14
2019/1/21, 23, 14
2019/1/22, 35, 17
2019/1/23, 42, 22
2019/1/24, 58, 27
2019/1/25, 64, 16
2019/1/26, 44, 10
2019/1/27, 30, 11
2019/1/28, 36, 19
2019/1/29, 48, 12
2019/1/30, 32, 14
2019/1/31, 38, 9
2019/2/1, 26, 7
2019/2/2, 23, 6
2019/2/3, 17, 7
2019/2/4, 21, 14
2019/2/5, 38, 23
2019/2/6, 38, 14
2019/2/7, 29, 12
2019/2/8, 37, 10
2019/2/9, 32, 11
2019/2/10, 26, 13
2019/2/11, 30, 14
2019/2/12, 14, 15
2019/2/13, 15, 11
2019/2/14, 22, 10
2019/2/15, 28, 19
2019/2/16, 50, 35
2019/2/17, 55, 34
2019/2/18, 48, 25
2019/2/19, 61, 35
2019/2/20, 35, 59
2019/2/21, 38, 70
2019/2/22, 66, 35
2019/2/23, 37, 15
2019/2/24, 41, 42
2019/2/25, 41, 55
2019/2/26, 43, 51
2019/2/27, 46, 40
2019/2/28, 33, 53
2019/3/1, 30, 30
2019/3/2, 23, 9
2019/3/3, 17, 5
2019/3/4, 11, 11
2019/3/5, 17, 13
2019/3/6, 32, 13
2019/3/7, 39, 12
2019/3/8, 35, 8
2019/3/9, 19, 12
2019/3/10, 19, 37
2019/3/11, 29, 75
2019/3/12, 46, 47
2019/3/13, 38, 12
2019/3/14, 30, 12
2019/3/15, 27, 7
2019/3/16, 16, 5
2019/3/17, 15, 7
2019/3/18, 15, 30
2019/3/19, 28, 36
2019/3/20, 33, 15
2019/3/21, 21, 36
2019/3/22, 31, 23
2019/3/23, 27, 14
2019/3/24, 16, 33
2019/3/25, 25, 46
2019/3/26, 28, 57
2019/3/27, 39, 52
2019/3/28, 36, 21
2019/3/29, 24, 16
2019/3/30, 33, 16
2019/3/31, 27, 36
2018/10/1, 14, 11
2018/10/2, 23, 7
2018/10/3, 12, 6
2018/10/4, 14, 5
2018/10/5, 9, 5
2018/10/6, 10, 5
2018/10/7, 11, 6
2018/10/8, 13, 4
2018/10/9, 9, 8
2018/10/10, 17, 10
2018/10/11, 28, 23
2018/10/12, 57, 29
2018/10/13, 69, 30
2018/10/14, 71, 33
2018/10/15, 68, 28
2018/10/16, 60, 21
2018/10/17, 53, 19
2018/10/18, 47, 10
2018/10/19, 20, 10
2018/10/20, 20, 9
2018/10/21, 20, 4
2018/10/22, 8, 4
2018/10/23, 8, 7
2018/10/24, 7, 14
2018/10/25, 15, 12
2018/10/26, 15, 5
2018/10/27, 10, 5
2018/10/28, 14, 8
2018/10/29, 14, 5
2018/10/30, 13, 10
2018/10/31, 32, 10
2018/11/1, 23, 25
2018/11/2, 56, 14
2018/11/3, 35, 7
2018/11/4, 13, 9
2018/11/5, 24, 16
2018/11/6, 41, 22
2018/11/7, 57, 23
2018/11/8, 58, 19
2018/11/9, 48, 11
2018/11/10, 29, 17
2018/11/11, 50, 21
2018/11/12, 50, 19
2018/11/13, 44, 16
2018/11/14, 39, 15
2018/11/15, 32, 16
2018/11/16, 35, 19
2018/11/17, 44, 12
2018/11/18, 26, 21
2018/11/19, 23, 20
2018/11/20, 39, 16
2018/11/21, 31, 13
2018/11/22, 21, 12
2018/11/23, 29, 12
2018/11/24, 29, 6
2018/11/25, 16, 19
2018/11/26, 18, 10
2018/11/27, 17, 8
2018/11/28, 19, 10
2018/11/29, 28, 14
2018/11/30, 41, 16
2018/12/1, 48, 17
2018/12/2, 52, 14
2018/12/3, 44, 7
2018/12/4, 21, 19
2018/12/5, 13, 18
2018/12/6, 25, 10
2018/12/7, 28, 6
2018/12/8, 17, 3
2018/12/9, 7, 4
2018/12/10, 11, 7
2018/12/11, 20, 8
2018/12/12, 20, 6
2018/12/13, 16, 6
2018/12/14, 17, 9
2018/12/15, 25, 7
2018/12/16, 21, 6
2018/12/17, 16, 13
2018/12/18, 35, 15
2018/12/19, 46, 12
2018/12/20, 39, 9
2018/12/21, 26, 9
2018/12/22, 25, 8
2018/12/23, 22, 6
2018/12/24, 17, 8
2018/12/25, 21, 5
2018/12/26, 12, 4
2018/12/27, 11, 4
2018/12/28, 13, 7
2018/12/29, 20, 8
2018/12/30, 22, 
2018/7/1, 4, 11
2018/7/2, 11, 20
2018/7/3, 22, 22
2018/7/4, 20, 15
2018/7/5, 16, 15
2018/7/6, 19, 14
2018/7/7, 22, 8
2018/7/8, 15, 11
2018/7/9, 15, 13
2018/7/10, 20, 17
2018/7/11, 24, 14
2018/7/12, 31, 23
2018/7/13, 40, 18
2018/7/14, 32, 15
2018/7/15, 31, 20
2018/7/16, 40, 20
2018/7/17, 44, 24
2018/7/18, 51, 22
2018/7/19, 47, 28
2018/7/20, 41, 20
2018/7/21, 50, 15
2018/7/22, 34, 13
2018/7/23, 23, 14
2018/7/24, 22, 13
2018/7/25, 22, 16
2018/7/26, 25, 20
2018/7/27, 38, 17
2018/7/28, 44, 24
2018/7/29, 53, 21
2018/7/30, 49, 18
2018/7/31, 42, 19
2018/8/1, 37, 24
2018/8/2, 48, 14
2018/8/3, 23, 8
2018/8/4, 14, 7
2018/8/5, 14, 8
2018/8/6, 12, 8
2018/8/7, 11, 18
2018/8/8, 17, 23
2018/8/9, 33, 22
2018/8/10, 47, 10
2018/8/11, 16, 6
2018/8/12, 12, 8
2018/8/13, 11, 11
2018/8/14, 16, 6
2018/8/15, 11, 10
2018/8/16, 16, 15
2018/8/17, 33, 12
2018/8/18, 22, 8
2018/8/19, 13, 13
2018/8/20, 16, 12
2018/8/21, 11, 18
2018/8/22, 17, 12
2018/8/23, 20, 16
2018/8/24, 33, 10
2018/8/25, 21, 6
2018/8/26, 16, 8
2018/8/27, 14, 11
2018/8/28, 22, 14
2018/8/29, 31, 12
2018/8/30, 26, 12
2018/8/31, 27, 10
2018/9/1, 25, 11
2018/9/2, 26, 16
2018/9/3, 34, 20
2018/9/4, 38, 22
2018/9/5, 42, 15
2018/9/6, 30, 18
2018/9/7, 40, 25
2018/9/8, 53, 13
2018/9/9, 28, 15
2018/9/10, 20, 13
2018/9/11, 24, 8
2018/9/12, 14, 5
2018/9/13, 8, 5
2018/9/14, 9, 4
2018/9/15, 9, 3
2018/9/16, 6, 6
2018/9/17, 12, 9
2018/9/18, 15, 12
2018/9/19, 23, 11
2018/9/20, 20, 14
2018/9/21, 28, 8
2018/9/22, 15, 4
2018/9/23, 6, 8
2018/9/24, 8, 7
2018/9/25, 7, 5
2018/9/26, 8, 5
2018/9/27, 8, 4
2018/9/28, 7, 4
2018/9/29, 7, 5
2018/9/30, 9, 7
2018/4/1, 42, 48
2018/4/2, 45, 99
2018/4/3, 57, 36
2018/4/4, 41, 21
2018/4/5, 47, 26
2018/4/6, 31, 16
2018/4/7, 14, 33
2018/4/8, 39, 51
2018/4/9, 64, 33
2018/4/10, 27, 46
2018/4/11, 27, 59
2018/4/12, 45, 70
2018/4/13, 42, 42
2018/4/14, 46, 47
2018/4/15, 65, 60
2018/4/16, 64, 52
2018/4/17, 56, 28
2018/4/18, 47, 40
2018/4/19, 34, 47
2018/4/20, 47, 26
2018/4/21, 36, 17
2018/4/22, 11, 38
2018/4/23, 19, 23
2018/4/24, 23, 13
2018/4/25, 16, 27
2018/4/26, 20, 20
2018/4/27, 19, 16
2018/4/28, 17, 16
2018/4/29, 29, 14
2018/4/30, 27, 7
2018/5/1, 15, 10
2018/5/2, 16, 20
2018/5/3, 30, 10
2018/5/4, 16, 13
2018/5/5, 19, 13
2018/5/6, 26, 26
2018/5/7, 25, 32
2018/5/8, 29, 27
2018/5/9, 27, 21
2018/5/10, 22, 35
2018/5/11, 43, 30
2018/5/12, 45, 28
2018/5/13, 41, 46
2018/5/14, 48, 57
2018/5/15, 60, 60
2018/5/16, 53, 55
2018/5/17, 46, 37
2018/5/18, 20, 21
2018/5/19, 15, 17
2018/5/20, 16, 34
2018/5/21, 37, 38
2018/5/22, 42, 52
2018/5/23, 36, 28
2018/5/24, 19, 38
2018/5/25, 22, 25
2018/5/26, 29, 19
2018/5/27, 27, 24
2018/5/28, 18, 35
2018/5/29, 31, 40
2018/5/30, 41, 26
2018/5/31, 21, 28
2018/6/1, 23, 
2018/6/5, 10, 15
2018/6/6, 10, 18
2018/6/7, 15, 19
2018/6/8, 14, 11
2018/6/9, 10, 14
2018/6/10, 22, 20
2018/6/11, 37, 26
2018/6/12, 29, 22
2018/6/13, 15, 14
2018/6/14, 16, 16
2018/6/15, 24, 18
2018/6/16, 21, 14
2018/6/17, 29, 11
2018/6/18, 21, 17
2018/6/19, 20, 17
2018/6/20, 18, 10
2018/6/21, 17, 6
2018/6/22, 10, 5
2018/6/23, 6, 8
2018/6/24, 12, 15
2018/6/25, 10, 18
2018/6/26, 16, 17
2018/6/27, 19, 19
2018/6/28, 21, 14
2018/6/29, 13, 6
2018/6/30, 7, 5
2018/1/1, 22, 3
2018/1/2, 8, 3
2018/1/3, 9, 5
2018/1/4, 17, 3
2018/1/5, 10, 2
2018/1/6, 7, 9
2018/1/7, 10, 10
2018/1/8, 13, 3
2018/1/9, 9, 11
2018/1/10, 26, 2
2018/1/11, 6, 3
2018/1/12, 11, 15
2018/1/13, 23, 13
2018/1/14, 22, 26
2018/1/15, 44, 18
2018/1/16, 47, 14
2018/1/17, 41, 16
2018/1/18, 48, 15
2018/1/19, 43, 13
2018/1/20, 43, 18
2018/1/21, 50, 10
2018/1/22, 31, 15
2018/1/23, 40, 13
2018/1/24, 35, 7
2018/1/25, 14, 9
2018/1/26, 23, 7
2018/1/27, 17, 8
2018/1/28, 23, 9
2018/1/29, 24, 9
2018/1/30, 25, 7
2018/1/31, 21, 6
2018/2/1, 17, 4
2018/2/2, 12, 6
2018/2/3, 18, 9
2018/2/4, 20, 22
2018/2/5, 34, 14
2018/2/6, 34, 12
2018/2/7, 30, 15
2018/2/8, 41, 32
2018/2/9, 33, 16
2018/2/10, 47, 7
2018/2/11, 23, 16
2018/2/12, 46, 4
2018/2/13, 10, 11
2018/2/14, 26, 15
2018/2/15, 43, 16
2018/2/16, 45, 25
2018/2/17, 53, 22
2018/2/18, 55, 18
2018/2/19, 51, 25
2018/2/20, 51, 48
2018/2/21, 57, 44
2018/2/22, 58, 35
2018/2/23, 53, 30
2018/2/24, 40, 26
2018/2/25, 35, 10
2018/2/26, 16, 10
2018/2/27, 17, 13
2018/2/28, 21, 19
2018/3/1, 29, 25
2018/3/2, 31, 35
2018/3/3, 34, 31
2018/3/4, 41, 31
2018/3/5, 52, 18
2018/3/6, 45, 18
2018/3/7, 53, 19
2018/3/8, 51, 24
2018/3/9, 59, 23
2018/3/10, 55, 20
2018/3/11, 53, 20
2018/3/12, 56, 20
2018/3/13, 50, 13
2018/3/14, 23, 20
2018/3/15, 33, 32
2018/3/16, 26, 43
2018/3/17, 37, 47
2018/3/18, 31, 32
2018/3/19, 23, 27
2018/3/20, 25, 61
2018/3/21, 48, 42
2018/3/22, 29, 46
2018/3/23, 46, 21
2018/3/24, 34, 20
2018/3/25, 36, 50
2018/3/26, 28, 101
2018/3/27, 58, 117
2018/3/28, 71, 94
2018/3/29, 65, 39
2018/3/30, 36, 59
2018/3/31, 42, 32
2017/10/1, 40, 
2017/10/2, 53, 
2017/10/3, 11, 4
2017/10/4, 7, 6
2017/10/5, 8, 5
2017/10/6, 8, 3
2017/10/7, 7, 2
2017/10/8, 4, 2
2017/10/9, 7, 4
2017/10/10, 12, 5
2017/10/11, 10, 4
2017/10/12, 10, 2
2017/10/13, 6, 3
2017/10/14, 7, 6
2017/10/15, 13, 9
2017/10/16, 21, 9
2017/10/17, 21, 4
2017/10/18, 7, 7
2017/10/19, 12, 9
2017/10/20, 20, 4
2017/10/21, 8, 5
2017/10/22, 15, 3
2017/10/23, 9, 4
2017/10/24, 12, 6
2017/10/25, 16, 3
2017/10/26, 7, 5
2017/10/27, 12, 2
2017/10/28, 5, 3
2017/10/29, 5, 7
2017/10/30, 6, 12
2017/10/31, 14, 7
2017/11/1, 13, 5
2017/11/2, 13, 8
2017/11/3, 13, 3
2017/11/4, 9, 19
2017/11/5, 48, 10
2017/11/6, 16, 8
2017/11/7, 19, 7
2017/11/8, 20, 16
2017/11/9, 35, 6
2017/11/10, 17, 3
2017/11/11, 8, 2
2017/11/12, 5, 6
2017/11/13, 9, 3
2017/11/14, 11, 2
2017/11/15, 8, 5
2017/11/16, 10, 7
2017/11/17, 12, 3
2017/11/18, 7, 7
2017/11/19, 16, 7
2017/11/20, 21, 8
2017/11/21, 23, 
2017/11/23, 45, 5
2017/11/24, 15, 4
2017/11/25, 13, 5
2017/11/26, 18, 3
2017/11/27, 9, 3
2017/11/28, 9, 3
2017/11/29, 8, 6
2017/11/30, 14, 3
2017/12/1, 10, 2
2017/12/2, 6, 2
2017/12/3, 5, 5
2017/12/4, 9, 2
2017/12/5, 7, 8
2017/12/6, 12, 4
2017/12/7, 17, 6
2017/12/8, 10, 3
2017/12/9, 8, 3
2017/12/10, 10, 10
2017/12/11, 26, 7
2017/12/12, 19, 4
2017/12/13, 12, 7
2017/12/14, 24, 5
2017/12/15, 10, 4
2017/12/16, 13, 4
2017/12/17, 11, 8
2017/12/18, 22, 6
2017/12/19, 20, 6
2017/12/20, 21, 4
2017/12/21, 12, 3
2017/12/22, 7, 2
2017/12/23, 7, 2
2017/12/24, 5, 4
2017/12/25, 9, 3
2017/12/26, 8, 2
2017/12/27, 6, 18
2017/12/28, 45, 13
2017/12/29, 37, 3
2017/12/30, 10, 
2017/7/1, 14, 
2017/7/2, 15, 
2017/7/3, 11, 
2017/7/4, 9, 
2017/7/5, 7, 
2017/7/6, 8, 
2017/7/7, 12, 
2017/7/8, 16, 
2017/7/9, 17, 
2017/7/10, 15, 
2017/7/11, 17, 
2017/7/12, 18, 
2017/7/13, 6, 
2017/7/14, 5, 
2017/7/15, 10, 
2017/7/16, 13, 
2017/7/17, 10, 
2017/7/18, 4, 
2017/7/19, 6, 
2017/7/20, 10, 
2017/7/21, 7, 
2017/7/22, 8, 
2017/7/23, 11, 
2017/7/24, 15, 
2017/7/25, 23, 
2017/7/26, 25, 
2017/7/27, 17, 
2017/7/28, 25, 
2017/7/29, 17, 
2017/7/30, 13, 
2017/7/31, 15, 
2017/8/1, 13, 
2017/8/2, 17, 
2017/8/3, 13, 
2017/8/4, 18, 
2017/8/5, 9, 
2017/8/6, 13, 
2017/8/7, 12, 
2017/8/8, 16, 
2017/8/9, 17, 
2017/8/10, 24, 
2017/8/11, 12, 
2017/8/12, 22, 
2017/8/13, 14, 
2017/8/14, 8, 
2017/8/15, 12, 
2017/8/16, 18, 
2017/8/17, 19, 
2017/8/18, 21, 
2017/8/19, 27, 
2017/8/20, 8, 
2017/8/21, 11, 
2017/8/22, 10, 
2017/8/23, 8, 
2017/8/24, 11, 
2017/8/25, 12, 
2017/8/26, 8, 
2017/8/27, 12, 
2017/8/28, 17, 
2017/8/29, 20, 
2017/8/30, 22, 
2017/8/31, 32, 
2017/9/1, 6, 
2017/9/2, 13, 
2017/9/3, 5, 
2017/9/4, 11, 
2017/9/5, 12, 
2017/9/10, 15, 
2017/9/11, 18, 
2017/9/12, 23, 
2017/9/13, 12, 
2017/9/14, 11, 
2017/9/15, 15, 
2017/9/16, 9, 
2017/9/17, 6, 
2017/9/18, 9, 
2017/9/19, 9, 
2017/9/20, 13, 
2017/9/21, 19, 
2017/9/22, 23, 
2017/9/23, 42, 
2017/9/24, 31, 
2017/9/25, 32, 
2017/9/26, 35, 
2017/9/27, 37, 
2017/9/28, 35, 
2017/9/29, 29, 
2017/9/30, 36, 
2017/4/1, 27, 
2017/4/2, 31, 
2017/4/3, 22, 
2017/4/4, 24, 
2017/4/5, 25, 
2017/4/6, 26, 
2017/4/7, 25, 
2017/4/8, 31, 
2017/4/9, 32, 
2017/4/10, 50, 
2017/4/11, 23, 
2017/4/12, 18, 
2017/4/13, 15, 
2017/4/14, 23, 
2017/4/15, 24, 
2017/4/16, 18, 
2017/4/17, 25, 
2017/4/18, 21, 
2017/4/19, 22, 
2017/4/20, 20, 
2017/4/21, 18, 
2017/4/22, 9, 
2017/4/23, 9, 
2017/4/24, 21, 
2017/4/25, 12, 
2017/4/26, 12, 
2017/4/27, 15, 
2017/4/28, 24, 
2017/4/29, 22, 
2017/4/30, 24, 
2017/5/1, 29, 
2017/5/2, 26, 
2017/5/3, 24, 
2017/5/4, 14, 
2017/5/5, 22, 
2017/5/6, 12, 
2017/5/7, 8, 
2017/5/8, 9, 
2017/5/9, 12, 
2017/5/10, 13, 
2017/5/11, 19, 
2017/5/12, 17, 
2017/5/13, 15, 
2017/5/14, 21, 
2017/5/15, 23, 
2017/5/16, 20, 
2017/5/17, 20, 
2017/5/18, 36, 
2017/5/19, 43, 
2017/5/20, 29, 
2017/5/21, 10, 
2017/5/22, 15, 
2017/5/23, 17, 
2017/5/24, 17, 
2017/5/25, 13, 
2017/5/26, 14, 
2017/5/27, 7, 
2017/5/28, 19, 
2017/5/29, 17, 
2017/5/30, 16, 
2017/5/31, 23, 
2017/6/1, 11, 
2017/6/2, 9, 
2017/6/3, 10, 
2017/6/4, 19, 
2017/6/5, 19, 
2017/6/6, 13, 
2017/6/7, 17, 
2017/6/8, 20, 
2017/6/9, 20, 
2017/6/10, 26, 
2017/6/11, 30, 
2017/6/12, 23, 
2017/6/13, 18, 
2017/6/14, 16, 
2017/6/15, 21, 
2017/6/16, 16, 
2017/6/17, 21, 
2017/6/18, 10, 
2017/6/19, 10, 
2017/6/20, 10, 
2017/6/21, 7, 
2017/6/22, 8, 
2017/6/23, 8, 
2017/6/24, 11, 
2017/6/25, 8, 
2017/6/26, 9, 
2017/6/27, 6, 
2017/6/28, 7, 
2017/6/29, 6, 
2017/6/30, 14, 
2017/1/8, 26, 
2017/1/9, 18, 
2017/1/10, 22, 
2017/1/11, 43, 
2017/1/12, 14, 
2017/1/13, 18, 
2017/1/14, 17, 
2017/1/15, 21, 
2017/1/16, 10, 
2017/1/17, 11, 
2017/1/18, 11, 
2017/1/19, 10, 
2017/1/20, 9, 
2017/1/21, 11, 
2017/1/22, 12, 
2017/1/23, 6, 
2017/1/24, 12, 
2017/1/25, 26, 
2017/1/26, 29, 
2017/1/27, 46, 
2017/1/28, 53, 
2017/1/29, 107, 
2017/1/30, 36, 
2017/1/31, 27, 
2017/2/1, 49, 
2017/2/2, 61, 
2017/2/3, 81, 
2017/2/4, 51, 
2017/2/5, 33, 
2017/2/6, 15, 
2017/2/7, 16, 
2017/2/8, 24, 
2017/2/9, 28, 
2017/2/10, 27, 
2017/2/11, 38, 
2017/2/12, 37, 
2017/2/13, 32, 
2017/2/14, 39, 
2017/2/15, 48, 
2017/2/16, 53, 
2017/2/17, 45, 
2017/2/18, 17, 
2017/2/19, 11, 
2017/2/20, 14, 
2017/2/21, 18, 
2017/2/22, 12, 
2017/2/23, 14, 
2017/2/24, 20, 
2017/2/25, 23, 
2017/2/26, 13, 
2017/2/27, 23, 
2017/2/28, 60, 
2017/3/1, 21, 
2017/3/2, 18, 
2017/3/3, 21, 
2017/3/4, 18, 
2017/3/5, 19, 
2017/3/6, 30, 
2017/3/7, 22, 
2017/3/8, 21, 
2017/3/9, 49, 
2017/3/10, 29, 
2017/3/11, 26, 
2017/3/12, 21, 
2017/3/13, 28, 
2017/3/14, 35, 
2017/3/15, 16, 
2017/3/16, 23, 
2017/3/17, 18, 
2017/3/18, 22, 
2017/3/19, 27, 
2017/3/20, 27, 
2017/3/21, 20, 
2017/3/22, 9, 
2017/3/23, 25, 
2017/3/24, 37, 
2017/3/25, 21, 
2017/3/26, 19, 
2017/3/27, 24, 
2017/3/28, 28, 
2017/3/29, 16, 
2017/3/30, 28, 
2017/3/31, 17, 
2016/10/1, 6, 
2016/10/2, 11, 
2016/10/3, 7, 
2016/10/4, 6, 
2016/10/5, 7, 
2016/10/6, 7, 
2016/10/7, 7, 
2016/10/8, 7, 
2016/10/9, 13, 
2016/10/10, 11, 
2016/10/11, 20, 
2016/10/12, 20, 
2016/10/13, 24, 
2016/10/14, 23, 
2016/10/15, 12, 
2016/10/16, 18, 
2016/10/17, 24, 
2016/10/18, 35, 
2016/10/19, 45, 
2016/10/20, 44, 
2016/10/21, 61, 
2016/10/22, 45, 
2016/10/23, 25, 
2016/10/24, 32, 
2016/10/25, 22, 
2016/10/26, 28, 
2016/10/27, 23, 
2016/10/28, 9, 
2016/10/29, 4, 
2016/10/30, 7, 
2016/10/31, 22, 
2016/11/1, 5, 
2016/11/2, 12, 
2016/11/3, 20, 
2016/11/4, 26, 
2016/11/5, 19, 
2016/11/6, 23, 
2016/11/7, 18, 
2016/11/8, 25, 
2016/11/9, 15, 
2016/11/10, 39, 
2016/11/11, 25, 
2016/11/12, 19, 
2016/11/13, 32, 
2016/11/14, 56, 
2016/11/15, 29, 
2016/11/16, 18, 
2016/11/17, 15, 
2016/11/18, 19, 
2016/11/19, 9, 
2016/11/20, 24, 
2016/11/21, 29, 
2016/11/22, 71, 
2016/11/23, 55, 
2016/11/24, 15, 
2016/11/25, 11, 
2016/11/26, 7, 
2016/11/27, 11, 
2016/11/28, 21, 
2016/11/29, 16, 
2016/11/30, 16, 
2016/12/1, 22, 
2016/12/2, 14, 
2016/12/3, 15, 
2016/12/4, 17, 
2016/12/5, 17, 
2016/12/6, 14, 
2016/12/7, 17, 
2016/12/8, 16, 
2016/12/9, 7, 
2016/12/10, 10, 
2016/12/11, 6, 
2016/7/1, 29, 
2016/7/2, 30, 
2016/7/3, 12, 
2016/7/4, 7, 
2016/7/5, 8, 
2016/7/6, 11, 
2016/7/7, 7, 
2016/7/8, 9, 
2016/7/9, 15, 
2016/7/10, 19, 
2016/7/11, 18, 
2016/7/12, 16, 
2016/7/13, 16, 
2016/7/14, 13, 
2016/7/15, 20, 
2016/7/16, 17, 
2016/7/17, 9, 
2016/7/18, 8, 
2016/7/19, 7, 
2016/7/20, 8, 
2016/7/21, 6, 
2016/7/22, 10, 
2016/7/23, 12, 
2016/7/24, 20, 
2016/7/25, 26, 
2016/7/26, 41, 
2016/7/27, 12, 
2016/7/28, 13, 
2016/7/29, 12, 
2016/7/30, 15, 
2016/7/31, 9, 
2016/8/1, 10, 
2016/8/2, 10, 
2016/8/3, 9, 
2016/8/4, 15, 
2016/8/5, 17, 
2016/8/6, 16, 
2016/8/7, 12, 
2016/8/8, 15, 
2016/8/9, 11, 
2016/8/10, 8, 
2016/8/11, 3, 
2016/8/12, 5, 
2016/8/13, 8, 
2016/8/14, 7, 
2016/8/15, 7, 
2016/8/16, 7, 
2016/8/17, 9, 
2016/8/18, 12, 
2016/8/19, 10, 
2016/8/20, 12, 
2016/8/21, 53, 
2016/8/22, 38, 
2016/8/23, 16, 
2016/8/24, 19, 
2016/8/25, 28, 
2016/8/26, 34, 
2016/8/27, 9, 
2016/8/28, 9, 
2016/8/29, 8, 
2016/8/30, 10, 
2016/8/31, 24, 
2016/9/1, 18, 
2016/9/2, 11, 
2016/9/3, 15, 
2016/9/4, 6, 
2016/9/5, 11, 
2016/9/6, 10, 
2016/9/7, 10, 
2016/9/8, 14, 
2016/9/9, 18, 
2016/9/10, 22, 
2016/9/11, 20, 
2016/9/12, 16, 
2016/9/13, 21, 
2016/9/14, 20, 
2016/9/15, 20, 
2016/9/16, 7, 
2016/9/17, 7, 
2016/9/18, 15, 
2016/9/19, 23, 
2016/9/20, 24, 
2016/9/21, 23, 
2016/9/22, 35, 
2016/9/23, 38, 
2016/9/24, 26, 
2016/9/25, 14, 
2016/9/26, 18, 
2016/9/27, 31, 
2016/9/28, 23, 
2016/9/29, 14, 
2016/9/30, 8, 
2016/4/1, 30, 
2016/4/2, 20, 
2016/4/3, 39, 
2016/4/4, 39, 
2016/4/5, 40, 
2016/4/6, 46, 
2016/4/7, 25, 
2016/4/8, 13, 
2016/4/9, 19, 
2016/4/10, 32, 
2016/4/11, 45, 
2016/4/12, 40, 
2016/4/13, 41, 
2016/4/14, 22, 
2016/4/15, 19, 
2016/4/16, 33, 
2016/4/17, 30, 
2016/4/18, 12, 
2016/4/19, 12, 
2016/4/20, 14, 
2016/4/21, 15, 
2016/4/22, 9, 
2016/4/23, 10, 
2016/4/24, 19, 
2016/4/25, 20, 
2016/4/26, 22, 
2016/4/27, 19, 
2016/4/28, 22, 
2016/4/29, 16, 
2016/4/30, 36, 
2016/5/1, 41, 
2016/5/2, 21, 
2016/5/3, 38, 
2016/5/4, 42, 
2016/5/5, 10, 
2016/5/6, 19, 
2016/5/7, 24, 
2016/5/8, 19, 
2016/5/9, 30, 
2016/5/10, 36, 
2016/5/11, 10, 
2016/5/12, 16, 
2016/5/13, 14, 
2016/5/14, 8, 
2016/5/15, 7, 
2016/5/16, 7, 
2016/5/17, 21, 
2016/5/18, 14, 
2016/5/19, 23, 
2016/5/20, 31, 
2016/5/21, 32, 
2016/5/22, 36, 
2016/5/23, 34, 
2016/5/24, 23, 
2016/5/25, 9, 
2016/5/26, 9, 
2016/5/27, 14, 
2016/5/28, 22, 
2016/5/29, 21, 
2016/5/30, 26, 
2016/5/31, 29, 
2016/6/1, 37, 
2016/6/2, 29, 
2016/6/3, 27, 
2016/6/4, 10, 
2016/6/5, 7, 
2016/6/6, 8, 
2016/6/7, 13, 
2016/6/8, 15, 
2016/6/9, 7, 
2016/6/10, 9, 
2016/6/11, 13, 
2016/6/12, 10, 
2016/6/13, 16, 
2016/6/14, 12, 
2016/6/15, 16, 
2016/6/16, 24, 
2016/6/17, 31, 
2016/6/18, 15, 
2016/6/19, 26, 
2016/6/20, 31, 
2016/6/21, 32, 
2016/6/22, 20, 
2016/6/23, 26, 
2016/6/24, 71, 
2016/6/25, 67, 
2016/6/26, 115, 
2016/6/27, 14, 
2016/6/28, 17, 
2016/6/29, 13, 
2016/6/30, 24, 
2016/1/4, 32, 6
2016/1/5, 22, 9
2016/1/6, 34, 17
2016/1/7, 51, 6
2016/1/8, 24, 7
2016/1/9, 30, 7
2016/1/10, 30, 8
2016/1/11, 35, 4
2016/1/12, 16, 4
2016/1/13, 15, 7
2016/1/14, 20, 
2016/1/15, 35, 
2016/1/16, 22, 
2016/1/17, 12, 
2016/1/18, 11, 
2016/1/19, 26, 
2016/1/20, 31, 
2016/1/21, 28, 
2016/1/22, 32, 
2016/1/23, 37, 
2016/1/24, 34, 
2016/1/25, 23, 
2016/1/26, 21, 
2016/1/27, 13, 
2016/1/28, 5, 
2016/1/29, 13, 
2016/1/30, 25, 
2016/1/31, 13, 
2016/2/1, 9, 
2016/2/2, 17, 
2016/2/3, 9, 
2016/2/4, 10, 
2016/2/5, 23, 
2016/2/6, 17, 
2016/2/7, 47, 
2016/2/8, 28, 
2016/2/9, 14, 
2016/2/10, 21, 
2016/2/11, 12, 
2016/2/12, 9, 
2016/2/13, 11, 
2016/2/14, 17, 
2016/2/15, 20, 
2016/2/16, 21, 
2016/2/17, 22, 
2016/2/18, 21, 
2016/2/19, 51, 
2016/2/20, 56, 
2016/2/21, 13, 
2016/2/22, 16, 
2016/2/23, 19, 
2016/2/24, 25, 
2016/2/25, 27, 
2016/2/26, 32, 
2016/2/27, 29, 
2016/2/28, 42, 
2016/2/29, 54, 
2016/3/1, 30, 
2016/3/2, 23, 
2016/3/3, 57, 
2016/3/4, 50, 
2016/3/5, 39, 
2016/3/6, 33, 
2016/3/7, 28, 
2016/3/8, 37, 
2016/3/9, 37, 
2016/3/10, 55, 
2016/3/11, 47, 
2016/3/12, 56, 
2016/3/13, 55, 
2016/3/14, 40, 
2016/3/15, 27, 
2016/3/16, 31, 
2016/3/17, 30, 
2016/3/18, 22, 
2016/3/19, 16, 
2016/3/20, 19, 
2016/3/21, 13, 
2016/3/22, 12, 
2016/3/23, 8, 
2016/3/24, 24, 
2016/3/25, 32, 
2016/3/26, 21, 
2016/3/27, 37, 
2016/3/28, 49, 
2016/3/29, 76, 
2016/3/30, 37, 
2016/3/31, 42, 
2015/10/2, 13, 6
2015/10/3, 16, 7
2015/10/4, 25, 6
2015/10/5, 13, 3
2015/10/6, 7, 6
2015/10/7, 10, 5
2015/10/8, 11, 6
2015/10/9, 17, 6
2015/10/10, 20, 9
2015/10/11, 29, 13
2015/10/12, 33, 7
2015/10/13, 20, 12
2015/10/14, 28, 19
2015/10/15, 48, 19
2015/10/16, 49, 20
2015/10/17, 54, 4
2015/10/18, 16, 6
2015/10/19, 16, 8
2015/10/20, 27, 4
2015/10/21, 14, 3
2015/10/22, 11, 5
2015/10/23, 9, 7
2015/10/24, 19, 8
2015/10/25, 28, 7
2015/10/26, 9, 6
2015/10/27, 12, 12
2015/10/28, 23, 16
2015/10/29, 33, 12
2015/10/30, 26, 13
2015/10/31, 41, 24
2015/11/1, 75, 8
2015/11/2, 23, 9
2015/11/3, 28, 6
2015/11/4, 18, 12
2015/11/5, 35, 13
2015/11/6, 43, 9
2015/11/7, 33, 4
2015/11/8, 12, 4
2015/11/9, 12, 7
2015/11/10, 15, 12
2015/11/11, 24, 6
2015/11/12, 18, 8
2015/11/13, 25, 5
2015/11/14, 15, 8
2015/11/15, 22, 7
2015/11/16, 21, 6
2015/11/17, 19, 12
2015/11/18, 32, 4
2015/11/19, 11, 4
2015/11/20, 12, 13
2015/11/21, 15, 27
2015/11/22, 23, 9
2015/11/23, 23, 6
2015/11/24, 24, 3
2015/11/25, 10, 5
2015/11/26, 17, 3
2015/11/27, 10, 3
2015/11/28, 13, 3
2015/11/29, 10, 2
2015/11/30, 7, 
2015/12/2, 25, 6
2015/12/3, 17, 5
2015/12/4, 18, 3
2015/12/5, 11, 
2015/12/7, 10, 12
2015/12/8, 21, 9
2015/12/9, 28, 7
2015/12/10, 14, 9
2015/12/11, 21, 7
2015/12/12, 15, 6
2015/12/13, 17, 9
2015/12/14, 19, 5
2015/12/15, 20, 2
2015/12/16, 10, 9
2015/12/17, 30, 8
2015/12/18, 25, 
2015/12/20, 33, 12
2015/12/21, 18, 6
2015/12/22, 17, 8
2015/12/23, 20, 8
2015/12/24, 22, 5
2015/12/25, 14, 25
2015/12/26, 18, 12
2015/12/27, 20, 7
2015/12/28, 22, 10
2015/12/29, 37, 4
2015/12/30, 13, 
2016/1/3, 35, 13
2015/7/1, 15, 8
2015/7/2, 16, 11
2015/7/3, 14, 8
2015/7/4, 24, 9
2015/7/5, 11, 4
2015/7/6, 16, 8
2015/7/7, 17, 6
2015/7/8, 17, 5
2015/7/9, 13, 3
2015/7/10, 8, 
2015/8/9, 16, 10
2015/8/10, 22, 18
2015/8/11, 36, 9
2015/8/12, 22, 9
2015/8/13, 11, 6
2015/8/14, 10, 3
2015/8/15, 9, 4
2015/8/16, 10, 7
2015/8/17, 15, 8
2015/8/18, 14, 9
2015/8/19, 17, 16
2015/8/20, 25, 15
2015/8/21, 27, 12
2015/8/22, 29, 12
2015/8/23, 29, 15
2015/8/24, 37, 25
2015/8/25, 55, 9
2015/8/26, 24, 11
2015/8/27, 21, 6
2015/8/28, 15, 5
2015/8/29, 12, 5
2015/8/30, 13, 9
2015/8/31, 21, 4
2015/9/1, 14, 2
2015/9/2, 8, 5
2015/9/3, 12, 9
2015/9/4, 25, 3
2015/9/5, 11, 3
2015/9/6, 9, 4
2015/9/7, 6, 4
2015/9/8, 5, 5
2015/9/9, 9, 8
2015/9/10, 17, 5
2015/9/11, 15, 6
2015/9/12, 17, 9
2015/9/13, 28, 12
2015/9/14, 33, 8
2015/9/15, 26, 5
2015/9/16, 16, 13
2015/9/17, 49, 5
2015/9/18, 14, 5
2015/9/19, 14, 3
2015/9/20, 9, 4
2015/9/21, 9, 5
2015/9/22, 13, 12
2015/9/23, 40, 16
2015/9/24, 48, 8
2015/9/25, 23, 5
2015/9/26, 13, 4
2015/9/27, 9, 6
2015/9/28, 10, 6
2015/9/29, 15, 
2015/4/23, 16, 23
2015/4/24, 16, 23
2015/4/25, 37, 19
2015/4/26, 35, 15
2015/4/27, 15, 17
2015/4/28, 14, 13
2015/4/29, 20, 10
2015/4/30, 27, 16
2015/5/1, 36, 11
2015/5/2, 19, 8
2015/5/3, 10, 5
2015/5/4, 27, 12
2015/5/5, 31, 9
2015/5/6, 29, 13
2015/5/7, 22, 14
2015/5/8, 13, 9
2015/5/9, 12, 7
2015/5/10, 15, 4
2015/5/11, 17, 10
2015/5/12, 28, 13
2015/5/13, 11, 4
2015/5/14, 8, 6
2015/5/15, 8, 8
2015/5/16, 6, 3
2015/5/17, 12, 3
2015/5/18, 14, 6
2015/5/19, 18, 7
2015/5/20, 19, 8
2015/5/21, 18, 9
2015/5/22, 16, 8
2015/5/23, 8, 5
2015/5/24, 12, 7
2015/5/25, 26, 13
2015/5/26, 23, 12
2015/5/27, 7, 6
2015/5/28, 16, 15
2015/5/29, 15, 9
2015/5/30, 17, 8
2015/5/31, 8, 6
2015/6/1, 15, 9
2015/6/2, 18, 11
2015/6/3, 13, 9
2015/6/4, 9, 9
2015/6/5, 12, 7
2015/6/6, 20, 10
2015/6/7, 14, 7
2015/6/8, 14, 9
2015/6/9, 11, 8
2015/6/10, 13, 9
2015/6/11, 14, 11
2015/6/12, 12, 9
2015/6/13, 14, 6
2015/6/14, 17, 5
2015/6/15, 9, 5
2015/6/16, 8, 8
2015/6/17, 11, 7
2015/6/18, 10, 3
2015/6/19, 9, 3
2015/6/20, 20, 6
2015/6/21, 20, 7
2015/6/22, 16, 6
2015/6/23, 18, 6
2015/6/24, 19, 7
2015/6/25, 23, 9
2015/6/26, 12, 6
2015/6/27, 11, 5
2015/6/28, 16, 5
2015/6/29, 18, 7
2015/6/30, 21, 9
2025/10/27, , 5
2025/7/14, , 13
2025/6/21, , 3
2024/12/31, , 5
2024/7/3, , 5
2023/10/10, , 9
2023/4/4, , 16
2022/10/31, , 9
2022/8/16, , 21
2022/5/22, , 16
2021/1/11, , 4
2021/1/23, , 6
2021/1/31, , 9
2020/6/21, , 9
2019/12/31, , 5
2019/11/21, , 15
2019/11/23, , 19
2019/6/10, , 8
2018/12/31, , 4
2018/6/4, , 17
2017/12/31, , 6
2017/11/22, , 12
2015/10/1, , 6
2015/12/1, , 23
2015/12/6, , 15
2015/12/19, , 11
2016/1/2, , 22
2015/8/8, , 5
2015/4/1, , 21
2015/4/2, , 14
2015/4/3, , 13
2015/4/4, , 6
2015/4/5, , 7
2015/4/6, , 17
2015/4/7, , 41
2015/4/8, , 34
2015/4/9, , 25
2015/4/10, , 16
2015/4/11, , 26
2015/4/12, , 15
2015/4/13, , 13
2015/4/14, , 14
2015/4/15, , 10
2015/4/16, , 22
2015/4/17, , 5
2015/4/18, , 7
2015/4/19, , 8
2015/4/20, , 18
2015/4/21, , 22
2015/4/22, , 26
2015/3/13, , 20
2015/3/14, , 16
2015/3/15, , 16
2015/3/16, , 35
2015/3/17, , 36
2015/3/18, , 52
2015/3/19, , 52
2015/3/20, , 19
2015/3/21, , 16
2015/3/22, , 13
2015/3/23, , 7
2015/3/24, , 31
2015/3/25, , 27
2015/3/26, , 14
2015/3/27, , 15
2015/3/28, , 12
2015/3/29, , 8
2015/3/30, , 5
2015/3/31, , 16